course_id,issuing_body,credential_title,exam_code,jurisdiction,language,syllabus_edition,status,official_source_url,evidence,access_date,topic_weights,item_formats_note,prerequisites_or_eligibility,permitted_marketing_language,exact_resolution_required,reviewer_status
MST-0001,ACCA,ACCA BT: Business and Technology,BT,global,en,unresolved,unknown,,unverified-needs-official-check,,not documented,Applied Skills/Strategic Professional exams include constructed-response and computer-based workspace tasks that MCQ cannot replicate.,not checked,independent preparation; no affiliation/endorsement,no,none
MST-0002,ACCA,ACCA MA: Management Accounting,MA,global,en,unresolved,unknown,,unverified-needs-official-check,,not documented,Applied Skills/Strategic Professional exams include constructed-response and computer-based workspace tasks that MCQ cannot replicate.,not checked,independent preparation; no affiliation/endorsement,no,none
MST-0003,ACCA,ACCA FA: Financial Accounting,FA,global,en,unresolved,unknown,,unverified-needs-official-check,,not documented,Applied Skills/Strategic Professional exams include constructed-response and computer-based workspace tasks that MCQ cannot replicate.,not checked,independent preparation; no affiliation/endorsement,no,none
MST-0004,ACCA,ACCA LW: Corporate and Business Law — Global Variant,LW,international,en,unresolved,unknown,,unverified-needs-official-check,,not documented,Applied Skills/Strategic Professional exams include constructed-response and computer-based workspace tasks that MCQ cannot replicate.,not checked,independent preparation; no affiliation/endorsement,no,none
MST-0005,ACCA,ACCA PM: Performance Management,PM,global,en,unresolved,unknown,,unverified-needs-official-check,,not documented,Applied Skills/Strategic Professional exams include constructed-response and computer-based workspace tasks that MCQ cannot replicate.,not checked,independent preparation; no affiliation/endorsement,no,none
MST-0006,ACCA,ACCA TX: Taxation — United Kingdom Variant,TX,United Kingdom,en,unresolved,unknown,,unverified-needs-official-check,,not documented,Applied Skills/Strategic Professional exams include constructed-response and computer-based workspace tasks that MCQ cannot replicate.,not checked,independent preparation; no affiliation/endorsement,no,none
MST-0007,ACCA,ACCA FR: Financial Reporting,FR,global,en,unresolved,unknown,,unverified-needs-official-check,,not documented,Applied Skills/Strategic Professional exams include constructed-response and computer-based workspace tasks that MCQ cannot replicate.,not checked,independent preparation; no affiliation/endorsement,no,none
MST-0008,ACCA,ACCA AA: Audit and Assurance,AA,global,en,unresolved,unknown,,unverified-needs-official-check,,not documented,Applied Skills/Strategic Professional exams include constructed-response and computer-based workspace tasks that MCQ cannot replicate.,not checked,independent preparation; no affiliation/endorsement,no,none
MST-0009,ACCA,ACCA FM: Financial Management,FM,global,en,unresolved,unknown,,unverified-needs-official-check,,not documented,Applied Skills/Strategic Professional exams include constructed-response and computer-based workspace tasks that MCQ cannot replicate.,not checked,independent preparation; no affiliation/endorsement,no,none
MST-0010,ACCA,ACCA SBL: Strategic Business Leader,SBL,global,en,unresolved,unknown,,unverified-needs-official-check,,not documented,Applied Skills/Strategic Professional exams include constructed-response and computer-based workspace tasks that MCQ cannot replicate.,not checked,independent preparation; no affiliation/endorsement,no,none
MST-0011,ACCA,ACCA SBR: Strategic Business Reporting — International Variant,SBR,international,en,unresolved,unknown,,unverified-needs-official-check,,not documented,Applied Skills/Strategic Professional exams include constructed-response and computer-based workspace tasks that MCQ cannot replicate.,not checked,independent preparation; no affiliation/endorsement,no,none
MST-0012,ACCA,ACCA AFM: Advanced Financial Management,AFM,global,en,unresolved,unknown,,unverified-needs-official-check,,not documented,Applied Skills/Strategic Professional exams include constructed-response and computer-based workspace tasks that MCQ cannot replicate.,not checked,independent preparation; no affiliation/endorsement,no,none
MST-0013,ACCA,ACCA APM: Advanced Performance Management,APM,global,en,unresolved,unknown,,unverified-needs-official-check,,not documented,Applied Skills/Strategic Professional exams include constructed-response and computer-based workspace tasks that MCQ cannot replicate.,not checked,independent preparation; no affiliation/endorsement,no,none
MST-0014,ACCA,ACCA ATX: Advanced Taxation — United Kingdom Variant,ATX,United Kingdom,en,unresolved,unknown,,unverified-needs-official-check,,not documented,Applied Skills/Strategic Professional exams include constructed-response and computer-based workspace tasks that MCQ cannot replicate.,not checked,independent preparation; no affiliation/endorsement,no,none
MST-0015,ACCA,ACCA AAA: Advanced Audit and Assurance — International Variant,AAA,international,en,unresolved,unknown,,unverified-needs-official-check,,not documented,Applied Skills/Strategic Professional exams include constructed-response and computer-based workspace tasks that MCQ cannot replicate.,not checked,independent preparation; no affiliation/endorsement,no,none
MST-0016,AICPA & CIMA / NASBA (US CPA Exam),US CPA AUD: Auditing and Attestation,AUD,United States,en,unresolved,unknown,,unverified-needs-official-check,,not documented,Official exam includes task-based simulations; Mastemy assesses the knowledge behind them with MCQ/MR only and demonstrates TBS methods by video.,not checked,independent preparation; no affiliation/endorsement,no,none
MST-0017,AICPA & CIMA / NASBA (US CPA Exam),US CPA FAR: Financial Accounting and Reporting,FAR,United States,en,unresolved,unknown,,unverified-needs-official-check,,not documented,Official exam includes task-based simulations; Mastemy assesses the knowledge behind them with MCQ/MR only and demonstrates TBS methods by video.,not checked,independent preparation; no affiliation/endorsement,no,none
MST-0018,AICPA & CIMA / NASBA (US CPA Exam),US CPA REG: Taxation and Regulation,REG,United States,en,unresolved,unknown,,unverified-needs-official-check,,not documented,Official exam includes task-based simulations; Mastemy assesses the knowledge behind them with MCQ/MR only and demonstrates TBS methods by video.,not checked,independent preparation; no affiliation/endorsement,no,none
MST-0019,AICPA & CIMA / NASBA (US CPA Exam),US CPA BAR: Business Analysis and Reporting — Discipline,BAR,United States,en,unresolved,unknown,,unverified-needs-official-check,,not documented,Official exam includes task-based simulations; Mastemy assesses the knowledge behind them with MCQ/MR only and demonstrates TBS methods by video.,not checked,independent preparation; no affiliation/endorsement,no,none
MST-0020,AICPA & CIMA / NASBA (US CPA Exam),US CPA ISC: Information Systems and Controls — Discipline,ISC,United States,en,unresolved,unknown,,unverified-needs-official-check,,not documented,Official exam includes task-based simulations; Mastemy assesses the knowledge behind them with MCQ/MR only and demonstrates TBS methods by video.,not checked,independent preparation; no affiliation/endorsement,no,none
MST-0021,AICPA & CIMA / NASBA (US CPA Exam),US CPA TCP: Tax Compliance and Planning — Discipline,TCP,United States,en,unresolved,unknown,,unverified-needs-official-check,,not documented,Official exam includes task-based simulations; Mastemy assesses the knowledge behind them with MCQ/MR only and demonstrates TBS methods by video.,not checked,independent preparation; no affiliation/endorsement,no,none
MST-0022,IMA,"US CMA Part 1: Financial Planning, Performance, and Analytics",CMA Part 1,United States,en,unresolved,unknown,,unverified-needs-official-check,,not documented,Knowledge-practice forms use MCQ/MR only; official item formats not reproducible in this format are listed in the exam-version record.,not checked,independent preparation; no affiliation/endorsement,no,none
MST-0023,IMA,US CMA Part 2: Strategic Financial Management,CMA Part 2,United States,en,unresolved,unknown,,unverified-needs-official-check,,not documented,Knowledge-practice forms use MCQ/MR only; official item formats not reproducible in this format are listed in the exam-version record.,not checked,independent preparation; no affiliation/endorsement,no,none
MST-0024,CIMA (AICPA & CIMA),CIMA BA1: Fundamentals of Business Economics,BA1,global,en,unresolved,unknown,,unverified-needs-official-check,,not documented,Knowledge-practice forms use MCQ/MR only; official item formats not reproducible in this format are listed in the exam-version record.,not checked,independent preparation; no affiliation/endorsement,no,none
MST-0025,CIMA (AICPA & CIMA),CIMA BA2: Fundamentals of Management Accounting,BA2,global,en,unresolved,unknown,,unverified-needs-official-check,,not documented,Knowledge-practice forms use MCQ/MR only; official item formats not reproducible in this format are listed in the exam-version record.,not checked,independent preparation; no affiliation/endorsement,no,none
MST-0026,CIMA (AICPA & CIMA),CIMA BA3: Fundamentals of Financial Accounting,BA3,global,en,unresolved,unknown,,unverified-needs-official-check,,not documented,Knowledge-practice forms use MCQ/MR only; official item formats not reproducible in this format are listed in the exam-version record.,not checked,independent preparation; no affiliation/endorsement,no,none
MST-0027,CIMA (AICPA & CIMA),"CIMA BA4: Fundamentals of Ethics, Corporate Governance, and Business Law",BA4,jurisdiction-specific: set per course version,en,unresolved,unknown,,unverified-needs-official-check,,not documented,Knowledge-practice forms use MCQ/MR only; official item formats not reproducible in this format are listed in the exam-version record.,not checked,independent preparation; no affiliation/endorsement,no,none
MST-0028,CIMA (AICPA & CIMA),CIMA E1: Managing Finance in a Digital World,E1,global,en,unresolved,unknown,,unverified-needs-official-check,,not documented,Knowledge-practice forms use MCQ/MR only; official item formats not reproducible in this format are listed in the exam-version record.,not checked,independent preparation; no affiliation/endorsement,no,none
MST-0029,CIMA (AICPA & CIMA),CIMA P1: Management Accounting,P1,global,en,unresolved,unknown,,unverified-needs-official-check,,not documented,Knowledge-practice forms use MCQ/MR only; official item formats not reproducible in this format are listed in the exam-version record.,not checked,independent preparation; no affiliation/endorsement,no,none
MST-0030,CIMA (AICPA & CIMA),CIMA F1: Financial Reporting,F1,global,en,unresolved,unknown,,unverified-needs-official-check,,not documented,Knowledge-practice forms use MCQ/MR only; official item formats not reproducible in this format are listed in the exam-version record.,not checked,independent preparation; no affiliation/endorsement,no,none
MST-0031,CIMA (AICPA & CIMA),CIMA Operational Case Study: Knowledge and Case-Analysis Preparation,OCS,global,en,unresolved,unknown,,unverified-needs-official-check,,not documented,Case-study exams require written analysis; MCQ/MR assesses knowledge and case reasoning only.,not checked,independent preparation; no affiliation/endorsement,no,none
MST-0032,CIMA (AICPA & CIMA),CIMA E2: Managing Performance,E2,global,en,unresolved,unknown,,unverified-needs-official-check,,not documented,Knowledge-practice forms use MCQ/MR only; official item formats not reproducible in this format are listed in the exam-version record.,not checked,independent preparation; no affiliation/endorsement,no,none
MST-0033,CIMA (AICPA & CIMA),CIMA P2: Advanced Management Accounting,P2,global,en,unresolved,unknown,,unverified-needs-official-check,,not documented,Knowledge-practice forms use MCQ/MR only; official item formats not reproducible in this format are listed in the exam-version record.,not checked,independent preparation; no affiliation/endorsement,no,none
MST-0034,CIMA (AICPA & CIMA),CIMA F2: Advanced Financial Reporting,F2,global,en,unresolved,unknown,,unverified-needs-official-check,,not documented,Knowledge-practice forms use MCQ/MR only; official item formats not reproducible in this format are listed in the exam-version record.,not checked,independent preparation; no affiliation/endorsement,no,none
MST-0035,CIMA (AICPA & CIMA),CIMA Management Case Study: Knowledge and Case-Analysis Preparation,MCS,global,en,unresolved,unknown,,unverified-needs-official-check,,not documented,Case-study exams require written analysis; MCQ/MR assesses knowledge and case reasoning only.,not checked,independent preparation; no affiliation/endorsement,no,none
MST-0036,CIMA (AICPA & CIMA),CIMA E3: Strategic Management,E3,global,en,unresolved,unknown,,unverified-needs-official-check,,not documented,Knowledge-practice forms use MCQ/MR only; official item formats not reproducible in this format are listed in the exam-version record.,not checked,independent preparation; no affiliation/endorsement,no,none
MST-0037,CIMA (AICPA & CIMA),CIMA P3: Risk Management,P3,global,en,unresolved,unknown,,unverified-needs-official-check,,not documented,Knowledge-practice forms use MCQ/MR only; official item formats not reproducible in this format are listed in the exam-version record.,not checked,independent preparation; no affiliation/endorsement,no,none
MST-0038,CIMA (AICPA & CIMA),CIMA F3: Financial Strategy,F3,global,en,unresolved,unknown,,unverified-needs-official-check,,not documented,Knowledge-practice forms use MCQ/MR only; official item formats not reproducible in this format are listed in the exam-version record.,not checked,independent preparation; no affiliation/endorsement,no,none
MST-0039,CIMA (AICPA & CIMA),CIMA Strategic Case Study: Knowledge and Case-Analysis Preparation,SCS,global,en,unresolved,unknown,,unverified-needs-official-check,,not documented,Case-study exams require written analysis; MCQ/MR assesses knowledge and case reasoning only.,not checked,independent preparation; no affiliation/endorsement,no,none
MST-0040,IRS,US Enrolled Agent SEE Part 1: Individuals,SEE Part 1,United States,en,unresolved,unknown,,unverified-needs-official-check,,not documented,Knowledge-practice forms use MCQ/MR only; official item formats not reproducible in this format are listed in the exam-version record.,not checked,independent preparation; no affiliation/endorsement,no,none
MST-0041,IRS,US Enrolled Agent SEE Part 2: Businesses,SEE Part 2,United States,en,unresolved,unknown,,unverified-needs-official-check,,not documented,Knowledge-practice forms use MCQ/MR only; official item formats not reproducible in this format are listed in the exam-version record.,not checked,independent preparation; no affiliation/endorsement,no,none
MST-0042,IRS,"US Enrolled Agent SEE Part 3: Representation, Practices, and Procedures",SEE Part 3,United States,en,unresolved,unknown,,unverified-needs-official-check,,not documented,Knowledge-practice forms use MCQ/MR only; official item formats not reproducible in this format are listed in the exam-version record.,not checked,independent preparation; no affiliation/endorsement,no,none
MST-0043,ACCA,ACCA Diploma in International Financial Reporting: DipIFR,,international,en,unresolved,unknown,,unverified-needs-official-check,,not documented,Applied Skills/Strategic Professional exams include constructed-response and computer-based workspace tasks that MCQ cannot replicate.,not checked,independent preparation; no affiliation/endorsement,yes,none
MST-0044,ACCA,ACCA FA1: Recording Financial Transactions,,global,en,unresolved,unknown,,unverified-needs-official-check,,not documented,Applied Skills/Strategic Professional exams include constructed-response and computer-based workspace tasks that MCQ cannot replicate.,not checked,independent preparation; no affiliation/endorsement,yes,none
MST-0045,ACCA,ACCA MA1: Management Information,,global,en,unresolved,unknown,,unverified-needs-official-check,,not documented,Applied Skills/Strategic Professional exams include constructed-response and computer-based workspace tasks that MCQ cannot replicate.,not checked,independent preparation; no affiliation/endorsement,yes,none
MST-0046,ACCA,ACCA FA2: Maintaining Financial Records,,global,en,unresolved,unknown,,unverified-needs-official-check,,not documented,Applied Skills/Strategic Professional exams include constructed-response and computer-based workspace tasks that MCQ cannot replicate.,not checked,independent preparation; no affiliation/endorsement,yes,none
MST-0047,ACCA,ACCA MA2: Managing Costs and Finance,,global,en,unresolved,unknown,,unverified-needs-official-check,,not documented,Applied Skills/Strategic Professional exams include constructed-response and computer-based workspace tasks that MCQ cannot replicate.,not checked,independent preparation; no affiliation/endorsement,yes,none
MST-0048,ACCA,ACCA FBT: Foundations in Business and Technology,,global,en,unresolved,unknown,,unverified-needs-official-check,,not documented,Applied Skills/Strategic Professional exams include constructed-response and computer-based workspace tasks that MCQ cannot replicate.,not checked,independent preparation; no affiliation/endorsement,yes,none
MST-0049,ACCA,ACCA FMA: Foundations in Management Accounting,,global,en,unresolved,unknown,,unverified-needs-official-check,,not documented,Applied Skills/Strategic Professional exams include constructed-response and computer-based workspace tasks that MCQ cannot replicate.,not checked,independent preparation; no affiliation/endorsement,yes,none
MST-0050,ACCA,ACCA FFA: Foundations in Financial Accounting,,global,en,unresolved,unknown,,unverified-needs-official-check,,not documented,Applied Skills/Strategic Professional exams include constructed-response and computer-based workspace tasks that MCQ cannot replicate.,not checked,independent preparation; no affiliation/endorsement,yes,none
MST-0051,CFA Institute,CFA Level I: Complete Curriculum Preparation,CFA-L1,global,en,Topic weights reported for 2026 (third-party summary); LOS not retrieved,unknown,,unverified-needs-official-check,,not documented,Knowledge-practice forms use MCQ/MR only; official item formats not reproducible in this format are listed in the exam-version record.,not checked,independent preparation; no affiliation/endorsement,no,none
MST-0052,CFA Institute,CFA Level II: Complete Curriculum Preparation,CFA-L2,global,en,unresolved,unknown,,unverified-needs-official-check,,not documented,Knowledge-practice forms use MCQ/MR only; official item formats not reproducible in this format are listed in the exam-version record.,not checked,independent preparation; no affiliation/endorsement,no,none
MST-0053,CFA Institute,CFA Level III: Common Core and Selectable Specialized Pathway,CFA-L3,global,en,unresolved,unknown,,unverified-needs-official-check,,not documented,Level III includes constructed-response questions; Mastemy assesses concepts by MCQ/MR and teaches written responses through narrated model answers only.,not checked,independent preparation; no affiliation/endorsement,no,none
MST-0054,CAIA Association,CAIA Level I: Alternative Investment Foundations,CAIA Level I,global,en,unresolved,unknown,,unverified-needs-official-check,,not documented,Knowledge-practice forms use MCQ/MR only; official item formats not reproducible in this format are listed in the exam-version record.,not checked,independent preparation; no affiliation/endorsement,no,none
MST-0055,CAIA Association,CAIA Level II: Advanced Alternative Investment Analysis,CAIA Level II,global,en,unresolved,unknown,,unverified-needs-official-check,,not documented,Knowledge-practice forms use MCQ/MR only; official item formats not reproducible in this format are listed in the exam-version record.,not checked,independent preparation; no affiliation/endorsement,no,none
MST-0056,GARP,FRM Part I: Financial Risk Foundations and Quantitative Methods,FRM Part I,global,en,unresolved,unknown,,unverified-needs-official-check,,not documented,Knowledge-practice forms use MCQ/MR only; official item formats not reproducible in this format are listed in the exam-version record.,not checked,independent preparation; no affiliation/endorsement,no,none
MST-0057,GARP,FRM Part II: Applied Financial Risk Management,FRM Part II,global,en,unresolved,unknown,,unverified-needs-official-check,,not documented,Knowledge-practice forms use MCQ/MR only; official item formats not reproducible in this format are listed in the exam-version record.,not checked,independent preparation; no affiliation/endorsement,no,none
MST-0058,CFA Institute,CIPM Level I: Investment Performance Measurement,,global,en,unresolved,unknown,,unverified-needs-official-check,,not documented,Knowledge-practice forms use MCQ/MR only; official item formats not reproducible in this format are listed in the exam-version record.,not checked,independent preparation; no affiliation/endorsement,yes,none
MST-0059,CFA Institute,CIPM Level II: Performance Evaluation and Manager Selection,,global,en,unresolved,unknown,,unverified-needs-official-check,,not documented,Knowledge-practice forms use MCQ/MR only; official item formats not reproducible in this format are listed in the exam-version record.,not checked,independent preparation; no affiliation/endorsement,yes,none
MST-0060,CFP Board,CFP Certification Examination: US Financial Planning,CFP,United States,en,unresolved,unknown,,unverified-needs-official-check,,not documented,Knowledge-practice forms use MCQ/MR only; official item formats not reproducible in this format are listed in the exam-version record.,not checked,independent preparation; no affiliation/endorsement,no,none
MST-0061,AFP,AFP Certified Treasury Professional: CTP,,global,en,unresolved,unknown,,unverified-needs-official-check,,not documented,Knowledge-practice forms use MCQ/MR only; official item formats not reproducible in this format are listed in the exam-version record.,not checked,independent preparation; no affiliation/endorsement,yes,none
MST-0062,AFP,AFP FPAC Part I: Financial Planning and Analysis Foundations,,global,en,unresolved,unknown,,unverified-needs-official-check,,not documented,Knowledge-practice forms use MCQ/MR only; official item formats not reproducible in this format are listed in the exam-version record.,not checked,independent preparation; no affiliation/endorsement,yes,none
MST-0063,AFP,AFP FPAC Part II: Applied Financial Analysis,,global,en,unresolved,unknown,,unverified-needs-official-check,,not documented,Knowledge-practice forms use MCQ/MR only; official item formats not reproducible in this format are listed in the exam-version record.,not checked,independent preparation; no affiliation/endorsement,yes,none
MST-0064,FINRA,FINRA Securities Industry Essentials: SIE,,United States,en,unresolved,unknown,,unverified-needs-official-check,,not documented,Knowledge-practice forms use MCQ/MR only; official item formats not reproducible in this format are listed in the exam-version record.,not checked,independent preparation; no affiliation/endorsement,yes,none
MST-0065,FINRA,FINRA Series 6: Investment Company and Variable Contracts Products,,United States,en,unresolved,unknown,,unverified-needs-official-check,,not documented,Knowledge-practice forms use MCQ/MR only; official item formats not reproducible in this format are listed in the exam-version record.,not checked,independent preparation; no affiliation/endorsement,yes,none
MST-0066,FINRA,FINRA Series 7: General Securities Representative,,United States,en,unresolved,unknown,,unverified-needs-official-check,,not documented,Knowledge-practice forms use MCQ/MR only; official item formats not reproducible in this format are listed in the exam-version record.,not checked,independent preparation; no affiliation/endorsement,yes,none
MST-0067,FINRA,FINRA Series 9: General Securities Sales Supervisor — Options,,United States,en,unresolved,unknown,,unverified-needs-official-check,,not documented,Knowledge-practice forms use MCQ/MR only; official item formats not reproducible in this format are listed in the exam-version record.,not checked,independent preparation; no affiliation/endorsement,yes,none
MST-0068,FINRA,FINRA Series 10: General Securities Sales Supervisor — General,,United States,en,unresolved,unknown,,unverified-needs-official-check,,not documented,Knowledge-practice forms use MCQ/MR only; official item formats not reproducible in this format are listed in the exam-version record.,not checked,independent preparation; no affiliation/endorsement,yes,none
MST-0069,FINRA,FINRA Series 24: General Securities Principal,,United States,en,unresolved,unknown,,unverified-needs-official-check,,not documented,Knowledge-practice forms use MCQ/MR only; official item formats not reproducible in this format are listed in the exam-version record.,not checked,independent preparation; no affiliation/endorsement,yes,none
MST-0070,FINRA,FINRA Series 57: Securities Trader,,United States,en,unresolved,unknown,,unverified-needs-official-check,,not documented,Knowledge-practice forms use MCQ/MR only; official item formats not reproducible in this format are listed in the exam-version record.,not checked,independent preparation; no affiliation/endorsement,yes,none
MST-0071,FINRA,FINRA Series 79: Investment Banking Representative,,United States,en,unresolved,unknown,,unverified-needs-official-check,,not documented,Knowledge-practice forms use MCQ/MR only; official item formats not reproducible in this format are listed in the exam-version record.,not checked,independent preparation; no affiliation/endorsement,yes,none
MST-0072,FINRA,FINRA Series 86: Research Analyst — Analysis,,United States,en,unresolved,unknown,,unverified-needs-official-check,,not documented,Knowledge-practice forms use MCQ/MR only; official item formats not reproducible in this format are listed in the exam-version record.,not checked,independent preparation; no affiliation/endorsement,yes,none
MST-0073,FINRA,FINRA Series 87: Research Analyst — Regulation,,United States,en,unresolved,unknown,,unverified-needs-official-check,,not documented,Knowledge-practice forms use MCQ/MR only; official item formats not reproducible in this format are listed in the exam-version record.,not checked,independent preparation; no affiliation/endorsement,yes,none
MST-0074,NASAA,NASAA Series 63: Uniform Securities Agent State Law,,United States,en,unresolved,unknown,,unverified-needs-official-check,,not documented,Knowledge-practice forms use MCQ/MR only; official item formats not reproducible in this format are listed in the exam-version record.,not checked,independent preparation; no affiliation/endorsement,yes,none
MST-0075,NASAA,NASAA Series 65: Uniform Investment Adviser Law,,United States,en,unresolved,unknown,,unverified-needs-official-check,,not documented,Knowledge-practice forms use MCQ/MR only; official item formats not reproducible in this format are listed in the exam-version record.,not checked,independent preparation; no affiliation/endorsement,yes,none
MST-0076,NASAA,NASAA Series 66: Uniform Combined State Law,,United States,en,unresolved,unknown,,unverified-needs-official-check,,not documented,Knowledge-practice forms use MCQ/MR only; official item formats not reproducible in this format are listed in the exam-version record.,not checked,independent preparation; no affiliation/endorsement,yes,none
MST-0077,NFA,NFA Series 3: National Commodity Futures Examination,,United States,en,unresolved,unknown,,unverified-needs-official-check,,not documented,Knowledge-practice forms use MCQ/MR only; official item formats not reproducible in this format are listed in the exam-version record.,not checked,independent preparation; no affiliation/endorsement,yes,none
MST-0078,SOA,SOA Exam P: Probability,,United States,en,unresolved,unknown,,unverified-needs-official-check,,not documented,Knowledge-practice forms use MCQ/MR only; official item formats not reproducible in this format are listed in the exam-version record.,not checked,independent preparation; no affiliation/endorsement,yes,none
MST-0079,SOA,SOA Exam FM: Financial Mathematics,,United States,en,unresolved,unknown,,unverified-needs-official-check,,not documented,Knowledge-practice forms use MCQ/MR only; official item formats not reproducible in this format are listed in the exam-version record.,not checked,independent preparation; no affiliation/endorsement,yes,none
MST-0080,SOA,SOA Exam FAM: Fundamentals of Actuarial Mathematics,,United States,en,unresolved,unknown,,unverified-needs-official-check,,not documented,Knowledge-practice forms use MCQ/MR only; official item formats not reproducible in this format are listed in the exam-version record.,not checked,independent preparation; no affiliation/endorsement,yes,none
MST-0081,SOA,SOA Exam ALTAM: Advanced Long-Term Actuarial Mathematics,,United States,en,unresolved,unknown,,unverified-needs-official-check,,not documented,Knowledge-practice forms use MCQ/MR only; official item formats not reproducible in this format are listed in the exam-version record.,not checked,independent preparation; no affiliation/endorsement,yes,none
MST-0082,SOA,SOA Exam ASTAM: Advanced Short-Term Actuarial Mathematics,,United States,en,unresolved,unknown,,unverified-needs-official-check,,not documented,Knowledge-practice forms use MCQ/MR only; official item formats not reproducible in this format are listed in the exam-version record.,not checked,independent preparation; no affiliation/endorsement,yes,none
MST-0083,SOA,SOA Exam SRM: Statistics for Risk Modeling,,United States,en,unresolved,unknown,,unverified-needs-official-check,,not documented,Knowledge-practice forms use MCQ/MR only; official item formats not reproducible in this format are listed in the exam-version record.,not checked,independent preparation; no affiliation/endorsement,yes,none
MST-0084,SOA,SOA Exam PA: Predictive Analytics,,United States,en,unresolved,unknown,,unverified-needs-official-check,,not documented,Knowledge-practice forms use MCQ/MR only; official item formats not reproducible in this format are listed in the exam-version record.,not checked,independent preparation; no affiliation/endorsement,yes,none
MST-0085,CAS,CAS Exam MAS-I: Modern Actuarial Statistics I,,United States,en,unresolved,unknown,,unverified-needs-official-check,,not documented,Knowledge-practice forms use MCQ/MR only; official item formats not reproducible in this format are listed in the exam-version record.,not checked,independent preparation; no affiliation/endorsement,yes,none
MST-0086,CAS,CAS Exam MAS-II: Modern Actuarial Statistics II,,United States,en,unresolved,unknown,,unverified-needs-official-check,,not documented,Knowledge-practice forms use MCQ/MR only; official item formats not reproducible in this format are listed in the exam-version record.,not checked,independent preparation; no affiliation/endorsement,yes,none
MST-0087,CAS,CAS Exam 5: Basic Ratemaking and Estimating Claim Liabilities,,United States,en,unresolved,unknown,,unverified-needs-official-check,,not documented,Knowledge-practice forms use MCQ/MR only; official item formats not reproducible in this format are listed in the exam-version record.,not checked,independent preparation; no affiliation/endorsement,yes,none
MST-0088,CAS,CAS Exam 6-US: Regulation and Financial Reporting,,United States,en,unresolved,unknown,,unverified-needs-official-check,,not documented,Knowledge-practice forms use MCQ/MR only; official item formats not reproducible in this format are listed in the exam-version record.,not checked,independent preparation; no affiliation/endorsement,yes,none
MST-0089,GARP,GARP Sustainability and Climate Risk: SCR,,global,en,unresolved,unknown,,unverified-needs-official-check,,not documented,Knowledge-practice forms use MCQ/MR only; official item formats not reproducible in this format are listed in the exam-version record.,not checked,independent preparation; no affiliation/endorsement,yes,none
MST-0090,GARP,GARP Risk and AI: RAI,,global,en,unresolved,unknown,,unverified-needs-official-check,,not documented,Knowledge-practice forms use MCQ/MR only; official item formats not reproducible in this format are listed in the exam-version record.,not checked,independent preparation; no affiliation/endorsement,yes,none
MST-0091,The IIA,CIA Part 1: Internal Audit Fundamentals,CIA Part 1,global,en,unresolved,unknown,,unverified-needs-official-check,,not documented,Knowledge-practice forms use MCQ/MR only; official item formats not reproducible in this format are listed in the exam-version record.,not checked,independent preparation; no affiliation/endorsement,no,none
MST-0092,The IIA,CIA Part 2: Internal Audit Engagement,CIA Part 2,global,en,unresolved,unknown,,unverified-needs-official-check,,not documented,Knowledge-practice forms use MCQ/MR only; official item formats not reproducible in this format are listed in the exam-version record.,not checked,independent preparation; no affiliation/endorsement,no,none
MST-0093,The IIA,CIA Part 3: Internal Audit Function,CIA Part 3,global,en,unresolved,unknown,,unverified-needs-official-check,,not documented,Knowledge-practice forms use MCQ/MR only; official item formats not reproducible in this format are listed in the exam-version record.,not checked,independent preparation; no affiliation/endorsement,no,none
MST-0094,ISACA,ISACA CISA: Certified Information Systems Auditor,CISA,global,en,unresolved,unknown,,unverified-needs-official-check,,not documented,Knowledge-practice forms use MCQ/MR only; official item formats not reproducible in this format are listed in the exam-version record.,not checked,independent preparation; no affiliation/endorsement,no,none
MST-0095,ISACA,ISACA CISM: Certified Information Security Manager,CISM,global,en,unresolved,unknown,,unverified-needs-official-check,,not documented,Knowledge-practice forms use MCQ/MR only; official item formats not reproducible in this format are listed in the exam-version record.,not checked,independent preparation; no affiliation/endorsement,no,none
MST-0096,ISACA,ISACA CRISC: Certified in Risk and Information Systems Control,CRISC,global,en,unresolved,unknown,,unverified-needs-official-check,,not documented,Knowledge-practice forms use MCQ/MR only; official item formats not reproducible in this format are listed in the exam-version record.,not checked,independent preparation; no affiliation/endorsement,no,none
MST-0097,ISACA,ISACA CGEIT: Certified in the Governance of Enterprise IT,CGEIT,global,en,unresolved,unknown,,unverified-needs-official-check,,not documented,Knowledge-practice forms use MCQ/MR only; official item formats not reproducible in this format are listed in the exam-version record.,not checked,independent preparation; no affiliation/endorsement,no,none
MST-0098,ISACA,ISACA CDPSE: Certified Data Privacy Solutions Engineer,CDPSE,jurisdiction-specific: set per course version,en,unresolved,unknown,,unverified-needs-official-check,,not documented,Knowledge-practice forms use MCQ/MR only; official item formats not reproducible in this format are listed in the exam-version record.,not checked,independent preparation; no affiliation/endorsement,no,none
MST-0099,The IIA,IIA CRMA: Certification in Risk Management Assurance,,global,en,unresolved,unknown,,unverified-needs-official-check,,not documented,Knowledge-practice forms use MCQ/MR only; official item formats not reproducible in this format are listed in the exam-version record.,not checked,independent preparation; no affiliation/endorsement,yes,none
MST-0100,The IIA,IIA Internal Audit Practitioner: IAP,,global,en,unresolved,unknown,,unverified-needs-official-check,,not documented,Knowledge-practice forms use MCQ/MR only; official item formats not reproducible in this format are listed in the exam-version record.,not checked,independent preparation; no affiliation/endorsement,yes,none
MST-0101,ACFE,ACFE Certified Fraud Examiner: Complete Examination Preparation,,global,en,unresolved,unknown,,unverified-needs-official-check,,not documented,Knowledge-practice forms use MCQ/MR only; official item formats not reproducible in this format are listed in the exam-version record.,not checked,independent preparation; no affiliation/endorsement,yes,none
MST-0102,ACAMS,ACAMS Certified Anti-Money Laundering Specialist: CAMS,,global,en,unresolved,unknown,,unverified-needs-official-check,,not documented,Knowledge-practice forms use MCQ/MR only; official item formats not reproducible in this format are listed in the exam-version record.,not checked,independent preparation; no affiliation/endorsement,yes,none
MST-0103,ACAMS,ACAMS Certified Global Sanctions Specialist: CGSS,,global,en,unresolved,unknown,,unverified-needs-official-check,,not documented,Knowledge-practice forms use MCQ/MR only; official item formats not reproducible in this format are listed in the exam-version record.,not checked,independent preparation; no affiliation/endorsement,yes,none
MST-0104,IAPP,IAPP CIPP/US: United States Privacy,,jurisdiction-specific: set per course version,en,unresolved,unknown,,unverified-needs-official-check,,not documented,Knowledge-practice forms use MCQ/MR only; official item formats not reproducible in this format are listed in the exam-version record.,not checked,independent preparation; no affiliation/endorsement,yes,none
MST-0105,IAPP,IAPP CIPP/E: European Privacy,,jurisdiction-specific: set per course version,en,unresolved,unknown,,unverified-needs-official-check,,not documented,Knowledge-practice forms use MCQ/MR only; official item formats not reproducible in this format are listed in the exam-version record.,not checked,independent preparation; no affiliation/endorsement,yes,none
MST-0106,IAPP,IAPP CIPP/C: Canadian Privacy,,jurisdiction-specific: set per course version,en,unresolved,unknown,,unverified-needs-official-check,,not documented,Knowledge-practice forms use MCQ/MR only; official item formats not reproducible in this format are listed in the exam-version record.,not checked,independent preparation; no affiliation/endorsement,yes,none
MST-0107,IAPP,IAPP CIPP/A: Asian Privacy,,jurisdiction-specific: set per course version,en,unresolved,unknown,,unverified-needs-official-check,,not documented,Knowledge-practice forms use MCQ/MR only; official item formats not reproducible in this format are listed in the exam-version record.,not checked,independent preparation; no affiliation/endorsement,yes,none
MST-0108,IAPP,IAPP CIPM: Privacy Program Management,,jurisdiction-specific: set per course version,en,unresolved,unknown,,unverified-needs-official-check,,not documented,Knowledge-practice forms use MCQ/MR only; official item formats not reproducible in this format are listed in the exam-version record.,not checked,independent preparation; no affiliation/endorsement,yes,none
MST-0109,IAPP,IAPP CIPT: Privacy Technology,,jurisdiction-specific: set per course version,en,unresolved,unknown,,unverified-needs-official-check,,not documented,Knowledge-practice forms use MCQ/MR only; official item formats not reproducible in this format are listed in the exam-version record.,not checked,independent preparation; no affiliation/endorsement,yes,none
MST-0110,IAPP,IAPP AIGP: Artificial Intelligence Governance Professional,AIGP,global,en,unresolved,unknown,,unverified-needs-official-check,,not documented,Knowledge-practice forms use MCQ/MR only; official item formats not reproducible in this format are listed in the exam-version record.,not checked,independent preparation; no affiliation/endorsement,no,none
MST-0111,SCCE,SCCE Certified Compliance and Ethics Professional: CCEP,,jurisdiction-specific: set per course version,en,unresolved,unknown,,unverified-needs-official-check,,not documented,Knowledge-practice forms use MCQ/MR only; official item formats not reproducible in this format are listed in the exam-version record.,not checked,independent preparation; no affiliation/endorsement,yes,none
MST-0112,SCCE,SCCE Certified Compliance and Ethics Professional International: CCEP-I,,international,en,unresolved,unknown,,unverified-needs-official-check,,not documented,Knowledge-practice forms use MCQ/MR only; official item formats not reproducible in this format are listed in the exam-version record.,not checked,independent preparation; no affiliation/endorsement,yes,none
MST-0113,HCCA,HCCA Certified in Healthcare Compliance: CHC,,jurisdiction-specific: set per course version,en,unresolved,unknown,,unverified-needs-official-check,,not documented,Knowledge-practice forms use MCQ/MR only; official item formats not reproducible in this format are listed in the exam-version record.,not checked,independent preparation; no affiliation/endorsement,yes,none
MST-0114,HCCA,HCCA Certified in Healthcare Privacy Compliance: CHPC,,jurisdiction-specific: set per course version,en,unresolved,unknown,,unverified-needs-official-check,,not documented,Knowledge-practice forms use MCQ/MR only; official item formats not reproducible in this format are listed in the exam-version record.,not checked,independent preparation; no affiliation/endorsement,yes,none
MST-0115,HCCA,HCCA Certified in Healthcare Research Compliance: CHRC,,jurisdiction-specific: set per course version,en,unresolved,unknown,,unverified-needs-official-check,,not documented,Knowledge-practice forms use MCQ/MR only; official item formats not reproducible in this format are listed in the exam-version record.,not checked,independent preparation; no affiliation/endorsement,yes,none
MST-0116,OCEG,OCEG GRC Professional: GRCP,,global,en,unresolved,unknown,,unverified-needs-official-check,,not documented,Knowledge-practice forms use MCQ/MR only; official item formats not reproducible in this format are listed in the exam-version record.,not checked,independent preparation; no affiliation/endorsement,yes,none
MST-0117,OCEG,OCEG GRC Auditor: GRCA,,global,en,unresolved,unknown,,unverified-needs-official-check,,not documented,Knowledge-practice forms use MCQ/MR only; official item formats not reproducible in this format are listed in the exam-version record.,not checked,independent preparation; no affiliation/endorsement,yes,none
MST-0118,DRI International,DRI Associate Business Continuity Professional: ABCP,,global,en,unresolved,unknown,,unverified-needs-official-check,,not documented,Knowledge-practice forms use MCQ/MR only; official item formats not reproducible in this format are listed in the exam-version record.,not checked,independent preparation; no affiliation/endorsement,yes,none
MST-0119,DRI International,DRI Certified Business Continuity Professional: CBCP,,global,en,unresolved,unknown,,unverified-needs-official-check,,not documented,Knowledge-practice forms use MCQ/MR only; official item formats not reproducible in this format are listed in the exam-version record.,not checked,independent preparation; no affiliation/endorsement,yes,none
MST-0120,BCI,BCI Certificate of the Business Continuity Institute: CBCI,,global,en,unresolved,unknown,,unverified-needs-official-check,,not documented,Knowledge-practice forms use MCQ/MR only; official item formats not reproducible in this format are listed in the exam-version record.,not checked,independent preparation; no affiliation/endorsement,yes,none
MST-0121,PMI,PMI PMP: Project Management Professional — Current Exam Blueprint,PMP,global,en,PMP ECO effective 2026-07-09 (reported); task list not retrieved,unknown,,unverified-needs-official-check,,not documented,Knowledge-practice forms use MCQ/MR only; official item formats not reproducible in this format are listed in the exam-version record.,not checked,independent preparation; no affiliation/endorsement,yes,none
MST-0122,PMI,PMI CAPM: Certified Associate in Project Management,CAPM,global,en,unresolved,unknown,,unverified-needs-official-check,,not documented,Knowledge-practice forms use MCQ/MR only; official item formats not reproducible in this format are listed in the exam-version record.,not checked,independent preparation; no affiliation/endorsement,no,none
MST-0123,PMI,PMI PMI-ACP: Agile Certified Practitioner,PMI-ACP,global,en,unresolved,unknown,,unverified-needs-official-check,,not documented,Knowledge-practice forms use MCQ/MR only; official item formats not reproducible in this format are listed in the exam-version record.,not checked,independent preparation; no affiliation/endorsement,no,none
MST-0124,PMI,PMI PMI-RMP: Risk Management Professional,PMI-RMP,global,en,unresolved,unknown,,unverified-needs-official-check,,not documented,Knowledge-practice forms use MCQ/MR only; official item formats not reproducible in this format are listed in the exam-version record.,not checked,independent preparation; no affiliation/endorsement,no,none
MST-0125,PMI,PMI PMI-SP: Scheduling Professional,PMI-SP,global,en,unresolved,unknown,,unverified-needs-official-check,,not documented,Knowledge-practice forms use MCQ/MR only; official item formats not reproducible in this format are listed in the exam-version record.,not checked,independent preparation; no affiliation/endorsement,no,none
MST-0126,PMI,PMI PgMP: Program Management Professional,PgMP,global,en,unresolved,unknown,,unverified-needs-official-check,,not documented,Knowledge-practice forms use MCQ/MR only; official item formats not reproducible in this format are listed in the exam-version record.,not checked,independent preparation; no affiliation/endorsement,no,none
MST-0127,PMI,PMI PfMP: Portfolio Management Professional,PfMP,global,en,unresolved,unknown,,unverified-needs-official-check,,not documented,Knowledge-practice forms use MCQ/MR only; official item formats not reproducible in this format are listed in the exam-version record.,not checked,independent preparation; no affiliation/endorsement,no,none
MST-0128,PMI,PMI PMI-PBA: Professional in Business Analysis,PMI-PBA,global,en,unresolved,unknown,,unverified-needs-official-check,,not documented,Knowledge-practice forms use MCQ/MR only; official item formats not reproducible in this format are listed in the exam-version record.,not checked,independent preparation; no affiliation/endorsement,no,none
MST-0129,PMI,PMI PMI-CP: Construction Professional,,global,en,unresolved,unknown,,unverified-needs-official-check,,not documented,Knowledge-practice forms use MCQ/MR only; official item formats not reproducible in this format are listed in the exam-version record.,not checked,independent preparation; no affiliation/endorsement,yes,none
MST-0130,PMI,PMI PMI-PMOCP: PMO Certified Professional,,global,en,unresolved,unknown,,unverified-needs-official-check,,not documented,Knowledge-practice forms use MCQ/MR only; official item formats not reproducible in this format are listed in the exam-version record.,not checked,independent preparation; no affiliation/endorsement,yes,none
MST-0131,PeopleCert,PeopleCert PRINCE2 Project Management Foundation,PRINCE2 Foundation,global,en,unresolved,unknown,,unverified-needs-official-check,,not documented,Knowledge-practice forms use MCQ/MR only; official item formats not reproducible in this format are listed in the exam-version record.,not checked,independent preparation; no affiliation/endorsement,no,none
MST-0132,PeopleCert,PeopleCert PRINCE2 Project Management Practitioner,PRINCE2 Practitioner,global,en,unresolved,unknown,,unverified-needs-official-check,,not documented,Knowledge-practice forms use MCQ/MR only; official item formats not reproducible in this format are listed in the exam-version record.,not checked,independent preparation; no affiliation/endorsement,no,none
MST-0133,PeopleCert,PeopleCert PRINCE2 Agile Foundation,PRINCE2 Agile Foundation,global,en,unresolved,unknown,,unverified-needs-official-check,,not documented,Knowledge-practice forms use MCQ/MR only; official item formats not reproducible in this format are listed in the exam-version record.,not checked,independent preparation; no affiliation/endorsement,no,none
MST-0134,PeopleCert,PeopleCert PRINCE2 Agile Practitioner,PRINCE2 Agile Practitioner,global,en,unresolved,unknown,,unverified-needs-official-check,,not documented,Knowledge-practice forms use MCQ/MR only; official item formats not reproducible in this format are listed in the exam-version record.,not checked,independent preparation; no affiliation/endorsement,no,none
MST-0135,PeopleCert,PeopleCert PRINCE2 Programme Management Foundation: Formerly MSP,MSP Foundation,global,en,unresolved,unknown,,unverified-needs-official-check,,not documented,Knowledge-practice forms use MCQ/MR only; official item formats not reproducible in this format are listed in the exam-version record.,not checked,independent preparation; no affiliation/endorsement,no,none
MST-0136,PeopleCert,PeopleCert PRINCE2 Programme Management Practitioner: Formerly MSP,,global,en,unresolved,unknown,,unverified-needs-official-check,,not documented,Knowledge-practice forms use MCQ/MR only; official item formats not reproducible in this format are listed in the exam-version record.,not checked,independent preparation; no affiliation/endorsement,yes,none
MST-0137,Scrum.org,Scrum.org Professional Scrum Master I,PSM I,global,en,unresolved,unknown,,unverified-needs-official-check,,not documented,Knowledge-practice forms use MCQ/MR only; official item formats not reproducible in this format are listed in the exam-version record.,not checked,independent preparation; no affiliation/endorsement,no,none
MST-0138,Scrum.org,Scrum.org Professional Scrum Master II,PSM II,global,en,unresolved,unknown,,unverified-needs-official-check,,not documented,Knowledge-practice forms use MCQ/MR only; official item formats not reproducible in this format are listed in the exam-version record.,not checked,independent preparation; no affiliation/endorsement,no,none
MST-0139,Scrum.org,Scrum.org Professional Scrum Product Owner I,PSPO I,global,en,unresolved,unknown,,unverified-needs-official-check,,not documented,Knowledge-practice forms use MCQ/MR only; official item formats not reproducible in this format are listed in the exam-version record.,not checked,independent preparation; no affiliation/endorsement,no,none
MST-0140,Scrum.org,Scrum.org Professional Scrum Product Owner II,PSPO II,global,en,unresolved,unknown,,unverified-needs-official-check,,not documented,Knowledge-practice forms use MCQ/MR only; official item formats not reproducible in this format are listed in the exam-version record.,not checked,independent preparation; no affiliation/endorsement,no,none
MST-0141,Scrum.org,Scrum.org Professional Scrum Developer,,global,en,unresolved,unknown,,unverified-needs-official-check,,not documented,Knowledge-practice forms use MCQ/MR only; official item formats not reproducible in this format are listed in the exam-version record.,not checked,independent preparation; no affiliation/endorsement,yes,none
MST-0142,Scrum.org,Scrum.org Professional Agile Leadership Essentials,,global,en,unresolved,unknown,,unverified-needs-official-check,,not documented,Knowledge-practice forms use MCQ/MR only; official item formats not reproducible in this format are listed in the exam-version record.,not checked,independent preparation; no affiliation/endorsement,yes,none
MST-0143,Scrum.org,Scrum.org Professional Scrum with Kanban,,global,en,unresolved,unknown,,unverified-needs-official-check,,not documented,Knowledge-practice forms use MCQ/MR only; official item formats not reproducible in this format are listed in the exam-version record.,not checked,independent preparation; no affiliation/endorsement,yes,none
MST-0144,Scrum.org,Scrum.org Professional Scrum with User Experience,,global,en,unresolved,unknown,,unverified-needs-official-check,,not documented,Knowledge-practice forms use MCQ/MR only; official item formats not reproducible in this format are listed in the exam-version record.,not checked,independent preparation; no affiliation/endorsement,yes,none
MST-0145,Scrum.org,Scrum.org Scaled Professional Scrum,,global,en,unresolved,unknown,,unverified-needs-official-check,,not documented,Knowledge-practice forms use MCQ/MR only; official item formats not reproducible in this format are listed in the exam-version record.,not checked,independent preparation; no affiliation/endorsement,yes,none
MST-0146,Scrum Alliance,Scrum Alliance Certified ScrumMaster: Knowledge Preparation,CSM,global,en,unresolved,unknown,,unverified-needs-official-check,,not documented,Knowledge-practice forms use MCQ/MR only; official item formats not reproducible in this format are listed in the exam-version record.,not checked,independent preparation; no affiliation/endorsement,no,none
MST-0147,Scrum Alliance,Scrum Alliance Certified Scrum Product Owner: Knowledge Preparation,CSPO,global,en,unresolved,unknown,,unverified-needs-official-check,,not documented,Knowledge-practice forms use MCQ/MR only; official item formats not reproducible in this format are listed in the exam-version record.,not checked,independent preparation; no affiliation/endorsement,no,none
MST-0148,Scaled Agile,SAFe Agilist: Leading SAFe Knowledge Preparation,SA,global,en,unresolved,unknown,,unverified-needs-official-check,,not documented,Knowledge-practice forms use MCQ/MR only; official item formats not reproducible in this format are listed in the exam-version record.,not checked,independent preparation; no affiliation/endorsement,no,none
MST-0149,Scaled Agile,SAFe Scrum Master: Knowledge Preparation,,global,en,unresolved,unknown,,unverified-needs-official-check,,not documented,Knowledge-practice forms use MCQ/MR only; official item formats not reproducible in this format are listed in the exam-version record.,not checked,independent preparation; no affiliation/endorsement,yes,none
MST-0150,Scaled Agile,SAFe Product Owner/Product Manager: Knowledge Preparation,,global,en,unresolved,unknown,,unverified-needs-official-check,,not documented,Knowledge-practice forms use MCQ/MR only; official item formats not reproducible in this format are listed in the exam-version record.,not checked,independent preparation; no affiliation/endorsement,yes,none
MST-0151,Scaled Agile,SAFe Release Train Engineer: Knowledge Preparation,,global,en,unresolved,unknown,,unverified-needs-official-check,,not documented,Knowledge-practice forms use MCQ/MR only; official item formats not reproducible in this format are listed in the exam-version record.,not checked,independent preparation; no affiliation/endorsement,yes,none
MST-0152,IIBA,IIBA ECBA: Entry Certificate in Business Analysis,ECBA,global,en,unresolved,unknown,,unverified-needs-official-check,,not documented,Knowledge-practice forms use MCQ/MR only; official item formats not reproducible in this format are listed in the exam-version record.,not checked,independent preparation; no affiliation/endorsement,no,none
MST-0153,IIBA,IIBA CCBA: Certification of Capability in Business Analysis,CCBA,global,en,unresolved,unknown,,unverified-needs-official-check,,not documented,Knowledge-practice forms use MCQ/MR only; official item formats not reproducible in this format are listed in the exam-version record.,not checked,independent preparation; no affiliation/endorsement,no,none
MST-0154,IIBA,IIBA CBAP: Certified Business Analysis Professional,CBAP,global,en,unresolved,unknown,,unverified-needs-official-check,,not documented,Knowledge-practice forms use MCQ/MR only; official item formats not reproducible in this format are listed in the exam-version record.,not checked,independent preparation; no affiliation/endorsement,no,none
MST-0155,IIBA,IIBA AAC: Agile Analysis Certification,,global,en,unresolved,unknown,,unverified-needs-official-check,,not documented,Knowledge-practice forms use MCQ/MR only; official item formats not reproducible in this format are listed in the exam-version record.,not checked,independent preparation; no affiliation/endorsement,yes,none
MST-0156,IIBA,IIBA CBDA: Certification in Business Data Analytics,,global,en,unresolved,unknown,,unverified-needs-official-check,,not documented,Knowledge-practice forms use MCQ/MR only; official item formats not reproducible in this format are listed in the exam-version record.,not checked,independent preparation; no affiliation/endorsement,yes,none
MST-0157,AACE International,AACE CCP: Certified Cost Professional,,global,en,unresolved,unknown,,unverified-needs-official-check,,not documented,Knowledge-practice forms use MCQ/MR only; official item formats not reproducible in this format are listed in the exam-version record.,not checked,independent preparation; no affiliation/endorsement,yes,none
MST-0158,AACE International,AACE PSP: Planning and Scheduling Professional,,global,en,unresolved,unknown,,unverified-needs-official-check,,not documented,Knowledge-practice forms use MCQ/MR only; official item formats not reproducible in this format are listed in the exam-version record.,not checked,independent preparation; no affiliation/endorsement,yes,none
MST-0159,AACE International,AACE EVP: Earned Value Professional,,global,en,unresolved,unknown,,unverified-needs-official-check,,not documented,Knowledge-practice forms use MCQ/MR only; official item formats not reproducible in this format are listed in the exam-version record.,not checked,independent preparation; no affiliation/endorsement,yes,none
MST-0160,AACE International,AACE CEP: Certified Estimating Professional,,global,en,unresolved,unknown,,unverified-needs-official-check,,not documented,Knowledge-practice forms use MCQ/MR only; official item formats not reproducible in this format are listed in the exam-version record.,not checked,independent preparation; no affiliation/endorsement,yes,none
MST-0161,Microsoft,Microsoft AZ-900: Azure Fundamentals,AZ-900,global,en,Skills measured as of 2026-07-20,current,https://learn.microsoft.com/en-us/credentials/certifications/resources/study-guides/az-900,verified-official-source,2026-10-02,see course package,Knowledge-practice forms use MCQ/MR only; official item formats not reproducible in this format are listed in the exam-version record.,not checked,independent preparation; no affiliation/endorsement,no,none
MST-0162,Microsoft,Microsoft AZ-104: Azure Administrator Associate,AZ-104,global,en,Skills measured as of 2026-04-17,current,https://learn.microsoft.com/en-us/credentials/certifications/resources/study-guides/az-104,verified-official-source,2026-10-02,see course package,Knowledge-practice forms use MCQ/MR only; official item formats not reproducible in this format are listed in the exam-version record.,not checked,independent preparation; no affiliation/endorsement,no,none
MST-0163,Microsoft,Microsoft AZ-305: Azure Solutions Architect Expert Exam Preparation,AZ-305,global,en,unresolved,current,,verified-official-source,2026-10-02,see course package,Knowledge-practice forms use MCQ/MR only; official item formats not reproducible in this format are listed in the exam-version record.,not checked,independent preparation; no affiliation/endorsement,no,none
MST-0164,Microsoft,Microsoft AZ-400: DevOps Engineer Expert Exam Preparation,AZ-400,global,en,unresolved,current,,verified-official-source,2026-10-02,see course package,Knowledge-practice forms use MCQ/MR only; official item formats not reproducible in this format are listed in the exam-version record.,not checked,independent preparation; no affiliation/endorsement,no,none
MST-0165,Microsoft,Microsoft AZ-700: Azure Network Engineer Associate,AZ-700,global,en,unresolved,current,,verified-official-source,2026-10-02,see course package,Knowledge-practice forms use MCQ/MR only; official item formats not reproducible in this format are listed in the exam-version record.,not checked,independent preparation; no affiliation/endorsement,no,none
MST-0166,Microsoft,Microsoft AZ-140: Azure Virtual Desktop Specialty,AZ-140,global,en,unresolved,current,,verified-official-source,2026-10-02,see course package,Knowledge-practice forms use MCQ/MR only; official item formats not reproducible in this format are listed in the exam-version record.,not checked,independent preparation; no affiliation/endorsement,no,none
MST-0167,Microsoft,Microsoft AZ-120: Azure for SAP Workloads Specialty,AZ-120,global,en,unresolved,current,,verified-official-source,2026-10-02,see course package,Knowledge-practice forms use MCQ/MR only; official item formats not reproducible in this format are listed in the exam-version record.,not checked,independent preparation; no affiliation/endorsement,no,none
MST-0168,Microsoft,Microsoft DP-900: Azure Data Fundamentals,DP-900,global,en,Skills measured as of 2026-07-21,current,https://learn.microsoft.com/en-us/credentials/certifications/resources/study-guides/dp-900,verified-official-source,2026-10-02,see course package,Knowledge-practice forms use MCQ/MR only; official item formats not reproducible in this format are listed in the exam-version record.,not checked,independent preparation; no affiliation/endorsement,no,none
MST-0169,Microsoft,Microsoft DP-300: Azure Database Administrator Associate,DP-300,global,en,unresolved,current,,verified-official-source,2026-10-02,see course package,Knowledge-practice forms use MCQ/MR only; official item formats not reproducible in this format are listed in the exam-version record.,not checked,independent preparation; no affiliation/endorsement,no,none
MST-0170,Microsoft,Microsoft DP-420: Azure Cosmos DB Developer Specialty,DP-420,global,en,unresolved,current,,verified-official-source,2026-10-02,see course package,Knowledge-practice forms use MCQ/MR only; official item formats not reproducible in this format are listed in the exam-version record.,not checked,independent preparation; no affiliation/endorsement,no,none
MST-0171,Microsoft,Microsoft DP-600: Fabric Analytics Engineer Associate,DP-600,global,en,Skills measured as of 2026-10-19 (published ahead of effective date; route candidates by exam date),current,https://learn.microsoft.com/en-us/credentials/certifications/resources/study-guides/dp-600,verified-official-source,2026-10-02,see course package,Knowledge-practice forms use MCQ/MR only; official item formats not reproducible in this format are listed in the exam-version record.,not checked,independent preparation; no affiliation/endorsement,no,none
MST-0172,Microsoft,Microsoft DP-700: Fabric Data Engineer Associate,DP-700,global,en,unresolved,current,,verified-official-source,2026-10-02,see course package,Knowledge-practice forms use MCQ/MR only; official item formats not reproducible in this format are listed in the exam-version record.,not checked,independent preparation; no affiliation/endorsement,no,none
MST-0173,Microsoft,Microsoft PL-900: Power Platform Fundamentals,PL-900,global,en,Skills measured as of 2026-07-24,current,https://learn.microsoft.com/en-us/credentials/certifications/resources/study-guides/pl-900,verified-official-source,2026-10-02,see course package,Knowledge-practice forms use MCQ/MR only; official item formats not reproducible in this format are listed in the exam-version record.,not checked,independent preparation; no affiliation/endorsement,no,none
MST-0174,Microsoft,Microsoft PL-300: Power BI Data Analyst Associate,PL-300,global,en,Skills measured as of 2026-04-20,current,https://learn.microsoft.com/en-us/credentials/certifications/resources/study-guides/pl-300,verified-official-source,2026-10-02,see course package,Knowledge-practice forms use MCQ/MR only; official item formats not reproducible in this format are listed in the exam-version record.,not checked,independent preparation; no affiliation/endorsement,no,none
MST-0175,Microsoft,Microsoft PL-400: Power Platform Developer Associate,PL-400,global,en,unresolved,current,,verified-official-source,2026-10-02,see course package,Knowledge-practice forms use MCQ/MR only; official item formats not reproducible in this format are listed in the exam-version record.,not checked,independent preparation; no affiliation/endorsement,no,none
MST-0176,Microsoft,"Microsoft SC-900: Security, Compliance, and Identity Fundamentals",SC-900,jurisdiction-specific: set per course version,en,Skills measured as of 2026-10-21 (published update),current,https://learn.microsoft.com/en-us/credentials/certifications/resources/study-guides/sc-900,verified-official-source,2026-10-02,see course package,Knowledge-practice forms use MCQ/MR only; official item formats not reproducible in this format are listed in the exam-version record.,not checked,independent preparation; no affiliation/endorsement,no,none
MST-0177,Microsoft,Microsoft SC-100: Cybersecurity Architect Expert Exam Preparation,SC-100,global,en,unresolved,current,,verified-official-source,2026-10-02,see course package,Knowledge-practice forms use MCQ/MR only; official item formats not reproducible in this format are listed in the exam-version record.,not checked,independent preparation; no affiliation/endorsement,no,none
MST-0178,Microsoft,Microsoft SC-200: Security Operations Analyst Associate,SC-200,global,en,unresolved,current,,verified-official-source,2026-10-02,see course package,Knowledge-practice forms use MCQ/MR only; official item formats not reproducible in this format are listed in the exam-version record.,not checked,independent preparation; no affiliation/endorsement,no,none
MST-0179,Microsoft,Microsoft SC-300: Identity and Access Administrator Associate,SC-300,global,en,unresolved,current,,verified-official-source,2026-10-02,see course package,Knowledge-practice forms use MCQ/MR only; official item formats not reproducible in this format are listed in the exam-version record.,not checked,independent preparation; no affiliation/endorsement,no,none
MST-0180,Microsoft,Microsoft SC-401: Information Security Administrator Associate,SC-401,global,en,unresolved,current,,verified-official-source,2026-10-02,see course package,Knowledge-practice forms use MCQ/MR only; official item formats not reproducible in this format are listed in the exam-version record.,not checked,independent preparation; no affiliation/endorsement,no,none
MST-0181,Microsoft,Microsoft MD-102: Endpoint Administrator Associate,MD-102,global,en,unresolved,current,,verified-official-source,2026-10-02,see course package,Knowledge-practice forms use MCQ/MR only; official item formats not reproducible in this format are listed in the exam-version record.,not checked,independent preparation; no affiliation/endorsement,no,none
MST-0182,Microsoft,Microsoft MS-102: Microsoft 365 Administrator Expert — Retirement-Aware Track,MS-102,global,en,unresolved,retiring 2026-11-30 (official),https://learn.microsoft.com/en-us/credentials/support/retired-certification-exams,verified-official-source,2026-10-02,see course package,Knowledge-practice forms use MCQ/MR only; official item formats not reproducible in this format are listed in the exam-version record.,not checked,independent preparation; no affiliation/endorsement,no,none
MST-0183,Microsoft,Microsoft MS-700: Teams Administrator Associate,MS-700,global,en,unresolved,current,,verified-official-source,2026-10-02,see course package,Knowledge-practice forms use MCQ/MR only; official item formats not reproducible in this format are listed in the exam-version record.,not checked,independent preparation; no affiliation/endorsement,no,none
MST-0184,Microsoft,Microsoft MS-721: Collaboration Communications Systems Engineer Associate,MS-721,global,en,unresolved,current,,verified-official-source,2026-10-02,see course package,Knowledge-practice forms use MCQ/MR only; official item formats not reproducible in this format are listed in the exam-version record.,not checked,independent preparation; no affiliation/endorsement,no,none
MST-0185,Microsoft,Microsoft MB-310: Dynamics 365 Finance Functional Consultant Associate,MB-310,global,en,unresolved,current,,verified-official-source,2026-10-02,see course package,Knowledge-practice forms use MCQ/MR only; official item formats not reproducible in this format are listed in the exam-version record.,not checked,independent preparation; no affiliation/endorsement,no,none
MST-0186,Microsoft,Microsoft MB-330: Dynamics 365 Supply Chain Management Functional Consultant Associate,MB-330,global,en,unresolved,current,,verified-official-source,2026-10-02,see course package,Knowledge-practice forms use MCQ/MR only; official item formats not reproducible in this format are listed in the exam-version record.,not checked,independent preparation; no affiliation/endorsement,no,none
MST-0187,Microsoft,Microsoft MB-800: Dynamics 365 Business Central Functional Consultant Associate,MB-800,global,en,unresolved,current,,verified-official-source,2026-10-02,see course package,Knowledge-practice forms use MCQ/MR only; official item formats not reproducible in this format are listed in the exam-version record.,not checked,independent preparation; no affiliation/endorsement,no,none
MST-0188,Microsoft,Microsoft AB-730: AI Business Professional,AB-730,global,en,"Skills measured as of 2026-10-20 (published ahead of effective date; candidates sitting before that date use the prior outline, which this spec does not cover - route by exam date)",current,https://learn.microsoft.com/en-us/credentials/certifications/resources/study-guides/ab-730,verified-official-source,2026-10-02,see course package,Knowledge-practice forms use MCQ/MR only; official item formats not reproducible in this format are listed in the exam-version record.,not checked,independent preparation; no affiliation/endorsement,no,none
MST-0189,Microsoft,Microsoft AB-731: AI Transformation Leader,AB-731,global,en,Skills measured as of 2026-07-22,current,https://learn.microsoft.com/en-us/credentials/certifications/resources/study-guides/ab-731,verified-official-source,2026-10-02,see course package,Knowledge-practice forms use MCQ/MR only; official item formats not reproducible in this format are listed in the exam-version record.,not checked,independent preparation; no affiliation/endorsement,no,none
MST-0190,Microsoft,Microsoft Office Specialist Word Associate: Knowledge Preparation,MO-100,global,en,unresolved,current,,verified-official-source,2026-10-02,see course package,Knowledge-practice forms use MCQ/MR only; official item formats not reproducible in this format are listed in the exam-version record.,not checked,independent preparation; no affiliation/endorsement,no,none
MST-0191,Microsoft,Microsoft Office Specialist Excel Associate: Knowledge Preparation,MO-200,global,en,unresolved,unknown,,unverified-needs-official-check,,not documented,Knowledge-practice forms use MCQ/MR only; official item formats not reproducible in this format are listed in the exam-version record.,not checked,independent preparation; no affiliation/endorsement,no,none
MST-0192,Microsoft,Microsoft Office Specialist PowerPoint Associate: Knowledge Preparation,MO-300,global,en,unresolved,current,,verified-official-source,2026-10-02,see course package,Knowledge-practice forms use MCQ/MR only; official item formats not reproducible in this format are listed in the exam-version record.,not checked,independent preparation; no affiliation/endorsement,no,none
MST-0193,Microsoft,Microsoft Office Specialist Outlook: Knowledge Preparation,,global,en,unresolved,current,,verified-official-source,2026-10-02,see course package,Knowledge-practice forms use MCQ/MR only; official item formats not reproducible in this format are listed in the exam-version record.,not checked,independent preparation; no affiliation/endorsement,no,none
MST-0194,Microsoft,Microsoft Office Specialist Word Expert: Knowledge Preparation,,global,en,unresolved,current,,verified-official-source,2026-10-02,see course package,Knowledge-practice forms use MCQ/MR only; official item formats not reproducible in this format are listed in the exam-version record.,not checked,independent preparation; no affiliation/endorsement,no,none
MST-0195,Microsoft,Microsoft Office Specialist Excel Expert: Knowledge Preparation,MO-201,global,en,unresolved,unknown,,unverified-needs-official-check,,not documented,Knowledge-practice forms use MCQ/MR only; official item formats not reproducible in this format are listed in the exam-version record.,not checked,independent preparation; no affiliation/endorsement,no,none
MST-0196,GitHub (Microsoft),GitHub Foundations Certification Preparation,GH-900,global,en,unresolved,unknown,,unverified-needs-official-check,,not documented,Knowledge-practice forms use MCQ/MR only; official item formats not reproducible in this format are listed in the exam-version record.,not checked,independent preparation; no affiliation/endorsement,yes,none
MST-0197,GitHub (Microsoft),GitHub Actions Certification Preparation,GH-200,global,en,unresolved,unknown,,unverified-needs-official-check,,not documented,Knowledge-practice forms use MCQ/MR only; official item formats not reproducible in this format are listed in the exam-version record.,not checked,independent preparation; no affiliation/endorsement,yes,none
MST-0198,GitHub (Microsoft),GitHub Administration Certification Preparation,GH-100,global,en,unresolved,unknown,,unverified-needs-official-check,,not documented,Knowledge-practice forms use MCQ/MR only; official item formats not reproducible in this format are listed in the exam-version record.,not checked,independent preparation; no affiliation/endorsement,yes,none
MST-0199,GitHub (Microsoft),GitHub Advanced Security Certification Preparation,GH-500,global,en,unresolved,unknown,,unverified-needs-official-check,,not documented,Knowledge-practice forms use MCQ/MR only; official item formats not reproducible in this format are listed in the exam-version record.,not checked,independent preparation; no affiliation/endorsement,yes,none
MST-0200,GitHub (Microsoft),GitHub Copilot Certification Preparation,GH-300,global,en,Skills measured as of 2026-08-07. NOTE: the official 'skills at a glance' lists an extra 'GitHub Copilot features (25-30%)' line with no detail section; this spec follows the six detailed sections and records the anomaly as an unresolved issue.,current,https://learn.microsoft.com/en-us/credentials/certifications/resources/study-guides/gh-300,verified-official-source,2026-10-02,see course package,Knowledge-practice forms use MCQ/MR only; official item formats not reproducible in this format are listed in the exam-version record.,not checked,independent preparation; no affiliation/endorsement,no,none
MST-0201,AWS,AWS Certified Cloud Practitioner,CLF-C02,global,en,Exam guide (version not confirmed - official PDF blocked),unknown,,unverified-needs-official-check,,not documented,Knowledge-practice forms use MCQ/MR only; official item formats not reproducible in this format are listed in the exam-version record.,not checked,independent preparation; no affiliation/endorsement,no,none
MST-0202,AWS,AWS Certified AI Practitioner,AIF-C01,global,en,unresolved,unknown,,unverified-needs-official-check,,not documented,Knowledge-practice forms use MCQ/MR only; official item formats not reproducible in this format are listed in the exam-version record.,not checked,independent preparation; no affiliation/endorsement,no,none
MST-0203,AWS,AWS Certified Solutions Architect — Associate,SAA-C03,global,en,unresolved,unknown,,unverified-needs-official-check,,not documented,Knowledge-practice forms use MCQ/MR only; official item formats not reproducible in this format are listed in the exam-version record.,not checked,independent preparation; no affiliation/endorsement,no,none
MST-0204,AWS,AWS Certified Developer — Associate,DVA-C02,global,en,unresolved,unknown,,unverified-needs-official-check,,not documented,Knowledge-practice forms use MCQ/MR only; official item formats not reproducible in this format are listed in the exam-version record.,not checked,independent preparation; no affiliation/endorsement,no,none
MST-0205,AWS,AWS Certified CloudOps Engineer — Associate,,global,en,unresolved,unknown,,unverified-needs-official-check,,not documented,Knowledge-practice forms use MCQ/MR only; official item formats not reproducible in this format are listed in the exam-version record.,not checked,independent preparation; no affiliation/endorsement,yes,none
MST-0206,AWS,AWS Certified Data Engineer — Associate,DEA-C01,global,en,unresolved,unknown,,unverified-needs-official-check,,not documented,Knowledge-practice forms use MCQ/MR only; official item formats not reproducible in this format are listed in the exam-version record.,not checked,independent preparation; no affiliation/endorsement,no,none
MST-0207,AWS,AWS Certified Machine Learning Engineer — Associate,MLA-C01,global,en,unresolved,unknown,,unverified-needs-official-check,,not documented,Knowledge-practice forms use MCQ/MR only; official item formats not reproducible in this format are listed in the exam-version record.,not checked,independent preparation; no affiliation/endorsement,no,none
MST-0208,AWS,AWS Certified Solutions Architect — Professional,SAP-C02,global,en,unresolved,unknown,,unverified-needs-official-check,,not documented,Knowledge-practice forms use MCQ/MR only; official item formats not reproducible in this format are listed in the exam-version record.,not checked,independent preparation; no affiliation/endorsement,no,none
MST-0209,AWS,AWS Certified DevOps Engineer — Professional,DOP-C02,global,en,unresolved,unknown,,unverified-needs-official-check,,not documented,Knowledge-practice forms use MCQ/MR only; official item formats not reproducible in this format are listed in the exam-version record.,not checked,independent preparation; no affiliation/endorsement,no,none
MST-0210,AWS,AWS Certified Security — Specialty,,global,en,unresolved,unknown,,unverified-needs-official-check,,not documented,Knowledge-practice forms use MCQ/MR only; official item formats not reproducible in this format are listed in the exam-version record.,not checked,independent preparation; no affiliation/endorsement,yes,none
MST-0211,AWS,AWS Certified Advanced Networking — Specialty: Retirement-Aware Track,ANS-C01,global,en,unresolved,unknown,,unverified-needs-official-check,,not documented,Knowledge-practice forms use MCQ/MR only; official item formats not reproducible in this format are listed in the exam-version record.,not checked,independent preparation; no affiliation/endorsement,yes,none
MST-0212,AWS,AWS Certified AI Business Strategist: Beta Blueprint Preparation,,global,en,unresolved,unknown,,unverified-needs-official-check,,not documented,Knowledge-practice forms use MCQ/MR only; official item formats not reproducible in this format are listed in the exam-version record.,not checked,independent preparation; no affiliation/endorsement,yes,none
MST-0213,Google Cloud,Google Cloud Digital Leader,CDL,global,en,unresolved,unknown,,unverified-needs-official-check,,not documented,Knowledge-practice forms use MCQ/MR only; official item formats not reproducible in this format are listed in the exam-version record.,not checked,independent preparation; no affiliation/endorsement,no,none
MST-0214,Google Cloud,Google Cloud Generative AI Leader,,global,en,unresolved,unknown,,unverified-needs-official-check,,not documented,Knowledge-practice forms use MCQ/MR only; official item formats not reproducible in this format are listed in the exam-version record.,not checked,independent preparation; no affiliation/endorsement,yes,none
MST-0215,Google Cloud,Google Cloud Associate Cloud Engineer,ACE,global,en,unresolved,unknown,,unverified-needs-official-check,,not documented,Knowledge-practice forms use MCQ/MR only; official item formats not reproducible in this format are listed in the exam-version record.,not checked,independent preparation; no affiliation/endorsement,no,none
MST-0216,Google Cloud,Google Cloud Associate Data Practitioner,,global,en,unresolved,unknown,,unverified-needs-official-check,,not documented,Knowledge-practice forms use MCQ/MR only; official item formats not reproducible in this format are listed in the exam-version record.,not checked,independent preparation; no affiliation/endorsement,yes,none
MST-0217,Google Cloud,Google Cloud Associate Google Workspace Administrator,,global,en,unresolved,unknown,,unverified-needs-official-check,,not documented,Knowledge-practice forms use MCQ/MR only; official item formats not reproducible in this format are listed in the exam-version record.,not checked,independent preparation; no affiliation/endorsement,yes,none
MST-0218,Google Cloud,Google Cloud Professional Cloud Architect,PCA,global,en,unresolved,unknown,,unverified-needs-official-check,,not documented,Knowledge-practice forms use MCQ/MR only; official item formats not reproducible in this format are listed in the exam-version record.,not checked,independent preparation; no affiliation/endorsement,no,none
MST-0219,Google Cloud,Google Cloud Professional Data Engineer,PDE,global,en,unresolved,unknown,,unverified-needs-official-check,,not documented,Knowledge-practice forms use MCQ/MR only; official item formats not reproducible in this format are listed in the exam-version record.,not checked,independent preparation; no affiliation/endorsement,no,none
MST-0220,Google Cloud,Google Cloud Professional Cloud Developer,PCD,global,en,unresolved,unknown,,unverified-needs-official-check,,not documented,Knowledge-practice forms use MCQ/MR only; official item formats not reproducible in this format are listed in the exam-version record.,not checked,independent preparation; no affiliation/endorsement,no,none
MST-0221,Google Cloud,Google Cloud Professional Cloud DevOps Engineer,,global,en,unresolved,unknown,,unverified-needs-official-check,,not documented,Knowledge-practice forms use MCQ/MR only; official item formats not reproducible in this format are listed in the exam-version record.,not checked,independent preparation; no affiliation/endorsement,yes,none
MST-0222,Google Cloud,Google Cloud Professional Cloud Security Engineer,PCSE,global,en,unresolved,unknown,,unverified-needs-official-check,,not documented,Knowledge-practice forms use MCQ/MR only; official item formats not reproducible in this format are listed in the exam-version record.,not checked,independent preparation; no affiliation/endorsement,no,none
MST-0223,Google Cloud,Google Cloud Professional Cloud Network Engineer,PCNE,global,en,unresolved,unknown,,unverified-needs-official-check,,not documented,Knowledge-practice forms use MCQ/MR only; official item formats not reproducible in this format are listed in the exam-version record.,not checked,independent preparation; no affiliation/endorsement,no,none
MST-0224,Google Cloud,Google Cloud Professional Machine Learning Engineer,PMLE,global,en,unresolved,unknown,,unverified-needs-official-check,,not documented,Knowledge-practice forms use MCQ/MR only; official item formats not reproducible in this format are listed in the exam-version record.,not checked,independent preparation; no affiliation/endorsement,no,none
MST-0225,Google Cloud,Google Cloud Professional Cloud Database Engineer,,global,en,unresolved,unknown,,unverified-needs-official-check,,not documented,Knowledge-practice forms use MCQ/MR only; official item formats not reproducible in this format are listed in the exam-version record.,not checked,independent preparation; no affiliation/endorsement,yes,none
MST-0226,Google Cloud,Google Cloud Professional Security Operations Engineer,,global,en,unresolved,unknown,,unverified-needs-official-check,,not documented,Knowledge-practice forms use MCQ/MR only; official item formats not reproducible in this format are listed in the exam-version record.,not checked,independent preparation; no affiliation/endorsement,yes,none
MST-0227,Google Cloud,Google Cloud Professional Agentic Architect: Transition Blueprint Preparation,,global,en,unresolved,unknown,,unverified-needs-official-check,,not documented,Knowledge-practice forms use MCQ/MR only; official item formats not reproducible in this format are listed in the exam-version record.,not checked,independent preparation; no affiliation/endorsement,yes,none
MST-0228,Databricks,Databricks Certified Data Engineer Associate,,global,en,unresolved,unknown,,unverified-needs-official-check,,not documented,Knowledge-practice forms use MCQ/MR only; official item formats not reproducible in this format are listed in the exam-version record.,not checked,independent preparation; no affiliation/endorsement,yes,none
MST-0229,Databricks,Databricks Certified Data Engineer Professional,,global,en,unresolved,unknown,,unverified-needs-official-check,,not documented,Knowledge-practice forms use MCQ/MR only; official item formats not reproducible in this format are listed in the exam-version record.,not checked,independent preparation; no affiliation/endorsement,yes,none
MST-0230,Databricks,Databricks Certified Machine Learning Associate,,global,en,unresolved,unknown,,unverified-needs-official-check,,not documented,Knowledge-practice forms use MCQ/MR only; official item formats not reproducible in this format are listed in the exam-version record.,not checked,independent preparation; no affiliation/endorsement,yes,none
MST-0231,Databricks,Databricks Certified Machine Learning Professional,,global,en,unresolved,unknown,,unverified-needs-official-check,,not documented,Knowledge-practice forms use MCQ/MR only; official item formats not reproducible in this format are listed in the exam-version record.,not checked,independent preparation; no affiliation/endorsement,yes,none
MST-0232,Databricks,Databricks Certified Generative AI Engineer Associate,,global,en,unresolved,unknown,,unverified-needs-official-check,,not documented,Knowledge-practice forms use MCQ/MR only; official item formats not reproducible in this format are listed in the exam-version record.,not checked,independent preparation; no affiliation/endorsement,yes,none
MST-0233,Snowflake,Snowflake SnowPro Core Certification,COF-C02,global,en,unresolved,unknown,,unverified-needs-official-check,,not documented,Knowledge-practice forms use MCQ/MR only; official item formats not reproducible in this format are listed in the exam-version record.,not checked,independent preparation; no affiliation/endorsement,no,none
MST-0234,Snowflake,Snowflake SnowPro Advanced Architect Certification,,global,en,unresolved,unknown,,unverified-needs-official-check,,not documented,Knowledge-practice forms use MCQ/MR only; official item formats not reproducible in this format are listed in the exam-version record.,not checked,independent preparation; no affiliation/endorsement,yes,none
MST-0235,Snowflake,Snowflake SnowPro Advanced Data Engineer Certification,,global,en,unresolved,unknown,,unverified-needs-official-check,,not documented,Knowledge-practice forms use MCQ/MR only; official item formats not reproducible in this format are listed in the exam-version record.,not checked,independent preparation; no affiliation/endorsement,yes,none
MST-0236,Snowflake,Snowflake SnowPro Advanced Data Analyst Certification,,global,en,unresolved,unknown,,unverified-needs-official-check,,not documented,Knowledge-practice forms use MCQ/MR only; official item formats not reproducible in this format are listed in the exam-version record.,not checked,independent preparation; no affiliation/endorsement,yes,none
MST-0237,Snowflake,Snowflake SnowPro Advanced Administrator Certification,,global,en,unresolved,unknown,,unverified-needs-official-check,,not documented,Knowledge-practice forms use MCQ/MR only; official item formats not reproducible in this format are listed in the exam-version record.,not checked,independent preparation; no affiliation/endorsement,yes,none
MST-0238,Tableau,Tableau Certified Data Analyst,,global,en,unresolved,unknown,,unverified-needs-official-check,,not documented,Knowledge-practice forms use MCQ/MR only; official item formats not reproducible in this format are listed in the exam-version record.,not checked,independent preparation; no affiliation/endorsement,yes,none
MST-0239,Salesforce,Salesforce Certified Platform Administrator,,global,en,unresolved,unknown,,unverified-needs-official-check,,not documented,Knowledge-practice forms use MCQ/MR only; official item formats not reproducible in this format are listed in the exam-version record.,not checked,independent preparation; no affiliation/endorsement,yes,none
MST-0240,Salesforce,Salesforce Certified Agentforce Specialist,,global,en,unresolved,unknown,,unverified-needs-official-check,,not documented,Knowledge-practice forms use MCQ/MR only; official item formats not reproducible in this format are listed in the exam-version record.,not checked,independent preparation; no affiliation/endorsement,yes,none
MST-0241,ISC2,ISC2 Certified in Cybersecurity: CC,CC,global,en,unresolved,unknown,,unverified-needs-official-check,,not documented,Knowledge-practice forms use MCQ/MR only; official item formats not reproducible in this format are listed in the exam-version record.,not checked,independent preparation; no affiliation/endorsement,no,none
MST-0242,ISC2,ISC2 Systems Security Certified Practitioner: SSCP,SSCP,global,en,unresolved,unknown,,unverified-needs-official-check,,not documented,Knowledge-practice forms use MCQ/MR only; official item formats not reproducible in this format are listed in the exam-version record.,not checked,independent preparation; no affiliation/endorsement,no,none
MST-0243,ISC2,ISC2 Certified Information Systems Security Professional: CISSP,CISSP,global,en,unresolved,unknown,,unverified-needs-official-check,,not documented,Knowledge-practice forms use MCQ/MR only; official item formats not reproducible in this format are listed in the exam-version record.,not checked,independent preparation; no affiliation/endorsement,no,none
MST-0244,ISC2,ISC2 Certified Cloud Security Professional: CCSP,CCSP,global,en,unresolved,unknown,,unverified-needs-official-check,,not documented,Knowledge-practice forms use MCQ/MR only; official item formats not reproducible in this format are listed in the exam-version record.,not checked,independent preparation; no affiliation/endorsement,no,none
MST-0245,ISC2,ISC2 Certified Secure Software Lifecycle Professional: CSSLP,CSSLP,global,en,unresolved,unknown,,unverified-needs-official-check,,not documented,Knowledge-practice forms use MCQ/MR only; official item formats not reproducible in this format are listed in the exam-version record.,not checked,independent preparation; no affiliation/endorsement,no,none
MST-0246,ISC2,"ISC2 Certified in Governance, Risk and Compliance: CGRC",CGRC,jurisdiction-specific: set per course version,en,unresolved,unknown,,unverified-needs-official-check,,not documented,Knowledge-practice forms use MCQ/MR only; official item formats not reproducible in this format are listed in the exam-version record.,not checked,independent preparation; no affiliation/endorsement,no,none
MST-0247,CompTIA,CompTIA A+: Core 1 Exam Preparation,220-1201,global,en,unresolved,unknown,,unverified-needs-official-check,,not documented,Knowledge-practice forms use MCQ/MR only; official item formats not reproducible in this format are listed in the exam-version record.,not checked,independent preparation; no affiliation/endorsement,no,none
MST-0248,CompTIA,CompTIA A+: Core 2 Exam Preparation,220-1202,global,en,unresolved,unknown,,unverified-needs-official-check,,not documented,Knowledge-practice forms use MCQ/MR only; official item formats not reproducible in this format are listed in the exam-version record.,not checked,independent preparation; no affiliation/endorsement,no,none
MST-0249,CompTIA,CompTIA Network+,N10-009,global,en,unresolved,unknown,,unverified-needs-official-check,,not documented,Knowledge-practice forms use MCQ/MR only; official item formats not reproducible in this format are listed in the exam-version record.,not checked,independent preparation; no affiliation/endorsement,no,none
MST-0250,CompTIA,CompTIA Security+,SY0-701,global,en,SY0-701 objectives (reported English retirement 2027-06-11; SY0-801 in draft),English retirement reported 2027-06-11 (secondary only),,unverified-needs-official-check,,not documented,Knowledge-practice forms use MCQ/MR only; official item formats not reproducible in this format are listed in the exam-version record.,not checked,independent preparation; no affiliation/endorsement,no,none
MST-0251,CompTIA,CompTIA CySA+,CS0-003,global,en,unresolved,unknown,,unverified-needs-official-check,,not documented,Knowledge-practice forms use MCQ/MR only; official item formats not reproducible in this format are listed in the exam-version record.,not checked,independent preparation; no affiliation/endorsement,no,none
MST-0252,CompTIA,CompTIA PenTest+,PT0-003,global,en,unresolved,unknown,,unverified-needs-official-check,,not documented,Knowledge-practice forms use MCQ/MR only; official item formats not reproducible in this format are listed in the exam-version record.,not checked,independent preparation; no affiliation/endorsement,no,none
MST-0253,CompTIA,CompTIA SecurityX,CAS-005,global,en,unresolved,unknown,,unverified-needs-official-check,,not documented,Knowledge-practice forms use MCQ/MR only; official item formats not reproducible in this format are listed in the exam-version record.,not checked,independent preparation; no affiliation/endorsement,no,none
MST-0254,CompTIA,CompTIA Linux+,,global,en,unresolved,unknown,,unverified-needs-official-check,,not documented,Knowledge-practice forms use MCQ/MR only; official item formats not reproducible in this format are listed in the exam-version record.,not checked,independent preparation; no affiliation/endorsement,yes,none
MST-0255,CompTIA,CompTIA Cloud+,CV0-004,global,en,unresolved,unknown,,unverified-needs-official-check,,not documented,Knowledge-practice forms use MCQ/MR only; official item formats not reproducible in this format are listed in the exam-version record.,not checked,independent preparation; no affiliation/endorsement,no,none
MST-0256,CompTIA,CompTIA Server+,SK0-005,global,en,unresolved,unknown,,unverified-needs-official-check,,not documented,Knowledge-practice forms use MCQ/MR only; official item formats not reproducible in this format are listed in the exam-version record.,not checked,independent preparation; no affiliation/endorsement,no,none
MST-0257,CompTIA,CompTIA Data+,,global,en,unresolved,unknown,,unverified-needs-official-check,,not documented,Knowledge-practice forms use MCQ/MR only; official item formats not reproducible in this format are listed in the exam-version record.,not checked,independent preparation; no affiliation/endorsement,yes,none
MST-0258,CompTIA,CompTIA DataSys+,,global,en,unresolved,unknown,,unverified-needs-official-check,,not documented,Knowledge-practice forms use MCQ/MR only; official item formats not reproducible in this format are listed in the exam-version record.,not checked,independent preparation; no affiliation/endorsement,yes,none
MST-0259,Cisco,Cisco CCNA,200-301,global,en,unresolved,unknown,,unverified-needs-official-check,,not documented,Knowledge-practice forms use MCQ/MR only; official item formats not reproducible in this format are listed in the exam-version record.,not checked,independent preparation; no affiliation/endorsement,no,none
MST-0260,Cisco,Cisco CCNP Enterprise: ENCOR Core Exam,350-401,global,en,unresolved,unknown,,unverified-needs-official-check,,not documented,Knowledge-practice forms use MCQ/MR only; official item formats not reproducible in this format are listed in the exam-version record.,not checked,independent preparation; no affiliation/endorsement,no,none
MST-0261,Cisco,Cisco CCNP Enterprise: ENARSI Concentration Exam,300-410,global,en,unresolved,unknown,,unverified-needs-official-check,,not documented,Knowledge-practice forms use MCQ/MR only; official item formats not reproducible in this format are listed in the exam-version record.,not checked,independent preparation; no affiliation/endorsement,no,none
MST-0262,Cisco,Cisco CCNP Security: SCOR Core Exam,350-701,global,en,unresolved,unknown,,unverified-needs-official-check,,not documented,Knowledge-practice forms use MCQ/MR only; official item formats not reproducible in this format are listed in the exam-version record.,not checked,independent preparation; no affiliation/endorsement,no,none
MST-0263,Cisco,Cisco CCNP Data Center: DCCOR Core Exam,,global,en,unresolved,unknown,,unverified-needs-official-check,,not documented,Knowledge-practice forms use MCQ/MR only; official item formats not reproducible in this format are listed in the exam-version record.,not checked,independent preparation; no affiliation/endorsement,yes,none
MST-0264,Cisco,Cisco CCNP Service Provider: SPCOR Core Exam,,global,en,unresolved,unknown,,unverified-needs-official-check,,not documented,Knowledge-practice forms use MCQ/MR only; official item formats not reproducible in this format are listed in the exam-version record.,not checked,independent preparation; no affiliation/endorsement,yes,none
MST-0265,Juniper Networks,Juniper JNCIA-Junos,,global,en,unresolved,unknown,,unverified-needs-official-check,,not documented,Knowledge-practice forms use MCQ/MR only; official item formats not reproducible in this format are listed in the exam-version record.,not checked,independent preparation; no affiliation/endorsement,yes,none
MST-0266,Juniper Networks,Juniper JNCIS-ENT,,global,en,unresolved,unknown,,unverified-needs-official-check,,not documented,Knowledge-practice forms use MCQ/MR only; official item formats not reproducible in this format are listed in the exam-version record.,not checked,independent preparation; no affiliation/endorsement,yes,none
MST-0267,Juniper Networks,Juniper JNCIP-ENT,,global,en,unresolved,unknown,,unverified-needs-official-check,,not documented,Knowledge-practice forms use MCQ/MR only; official item formats not reproducible in this format are listed in the exam-version record.,not checked,independent preparation; no affiliation/endorsement,yes,none
MST-0268,Red Hat,Red Hat RHCSA: Knowledge and Demonstration Preparation,EX200,global,en,unresolved,unknown,,unverified-needs-official-check,,not documented,Official exam is performance-based (hands-on); Mastemy offers knowledge preparation and video demonstrations only.,not checked,independent preparation; no affiliation/endorsement,no,none
MST-0269,Red Hat,Red Hat RHCE: Knowledge and Demonstration Preparation,EX294,global,en,unresolved,unknown,,unverified-needs-official-check,,not documented,Official exam is performance-based (hands-on); Mastemy offers knowledge preparation and video demonstrations only.,not checked,independent preparation; no affiliation/endorsement,no,none
MST-0270,Linux Foundation,Linux Foundation LFCS: Knowledge and Demonstration Preparation,LFCS,global,en,unresolved,unknown,,unverified-needs-official-check,,not documented,Official exam is performance-based (hands-on); Mastemy offers knowledge preparation and video demonstrations only.,not checked,independent preparation; no affiliation/endorsement,no,none
MST-0271,Linux Foundation,Linux Foundation CKA: Knowledge and Demonstration Preparation,,global,en,unresolved,unknown,,unverified-needs-official-check,,not documented,Official exam is performance-based (hands-on); Mastemy offers knowledge preparation and video demonstrations only.,not checked,independent preparation; no affiliation/endorsement,yes,none
MST-0272,Linux Foundation,Linux Foundation CKAD: Knowledge and Demonstration Preparation,,global,en,unresolved,unknown,,unverified-needs-official-check,,not documented,Official exam is performance-based (hands-on); Mastemy offers knowledge preparation and video demonstrations only.,not checked,independent preparation; no affiliation/endorsement,yes,none
MST-0273,Linux Foundation,Linux Foundation CKS: Knowledge and Demonstration Preparation,,global,en,unresolved,unknown,,unverified-needs-official-check,,not documented,Official exam is performance-based (hands-on); Mastemy offers knowledge preparation and video demonstrations only.,not checked,independent preparation; no affiliation/endorsement,yes,none
MST-0274,Linux Foundation,Linux Foundation KCNA,,global,en,unresolved,unknown,,unverified-needs-official-check,,not documented,Knowledge-practice forms use MCQ/MR only; official item formats not reproducible in this format are listed in the exam-version record.,not checked,independent preparation; no affiliation/endorsement,yes,none
MST-0275,Linux Foundation,Linux Foundation KCSA,,global,en,unresolved,unknown,,unverified-needs-official-check,,not documented,Knowledge-practice forms use MCQ/MR only; official item formats not reproducible in this format are listed in the exam-version record.,not checked,independent preparation; no affiliation/endorsement,yes,none
MST-0276,LPI,LPI Linux Essentials,,global,en,unresolved,unknown,,unverified-needs-official-check,,not documented,Knowledge-practice forms use MCQ/MR only; official item formats not reproducible in this format are listed in the exam-version record.,not checked,independent preparation; no affiliation/endorsement,yes,none
MST-0277,LPI,LPI LPIC-1: Exam 101,,global,en,unresolved,unknown,,unverified-needs-official-check,,not documented,Knowledge-practice forms use MCQ/MR only; official item formats not reproducible in this format are listed in the exam-version record.,not checked,independent preparation; no affiliation/endorsement,yes,none
MST-0278,LPI,LPI LPIC-1: Exam 102,,global,en,unresolved,unknown,,unverified-needs-official-check,,not documented,Knowledge-practice forms use MCQ/MR only; official item formats not reproducible in this format are listed in the exam-version record.,not checked,independent preparation; no affiliation/endorsement,yes,none
MST-0279,LPI,LPI LPIC-2: Exam 201,,global,en,unresolved,unknown,,unverified-needs-official-check,,not documented,Knowledge-practice forms use MCQ/MR only; official item formats not reproducible in this format are listed in the exam-version record.,not checked,independent preparation; no affiliation/endorsement,yes,none
MST-0280,LPI,LPI LPIC-2: Exam 202,,global,en,unresolved,unknown,,unverified-needs-official-check,,not documented,Knowledge-practice forms use MCQ/MR only; official item formats not reproducible in this format are listed in the exam-version record.,not checked,independent preparation; no affiliation/endorsement,yes,none
MST-0281,HashiCorp,HashiCorp Terraform Associate,,global,en,unresolved,unknown,,unverified-needs-official-check,,not documented,Knowledge-practice forms use MCQ/MR only; official item formats not reproducible in this format are listed in the exam-version record.,not checked,independent preparation; no affiliation/endorsement,yes,none
MST-0282,HashiCorp,HashiCorp Vault Associate,,global,en,unresolved,unknown,,unverified-needs-official-check,,not documented,Knowledge-practice forms use MCQ/MR only; official item formats not reproducible in this format are listed in the exam-version record.,not checked,independent preparation; no affiliation/endorsement,yes,none
MST-0283,GIAC,GIAC Security Essentials: GSEC,GSEC,global,en,unresolved,unknown,,unverified-needs-official-check,,not documented,Knowledge-practice forms use MCQ/MR only; official item formats not reproducible in this format are listed in the exam-version record.,not checked,independent preparation; no affiliation/endorsement,no,none
MST-0284,GIAC,GIAC Certified Incident Handler: GCIH,,global,en,unresolved,unknown,,unverified-needs-official-check,,not documented,Knowledge-practice forms use MCQ/MR only; official item formats not reproducible in this format are listed in the exam-version record.,not checked,independent preparation; no affiliation/endorsement,yes,none
MST-0285,GIAC,GIAC Certified Forensic Analyst: GCFA,,global,en,unresolved,unknown,,unverified-needs-official-check,,not documented,Knowledge-practice forms use MCQ/MR only; official item formats not reproducible in this format are listed in the exam-version record.,not checked,independent preparation; no affiliation/endorsement,yes,none
MST-0286,GIAC,GIAC Certified Intrusion Analyst: GCIA,,global,en,unresolved,unknown,,unverified-needs-official-check,,not documented,Knowledge-practice forms use MCQ/MR only; official item formats not reproducible in this format are listed in the exam-version record.,not checked,independent preparation; no affiliation/endorsement,yes,none
MST-0287,GIAC,GIAC Cloud Security Automation: GCSA,,global,en,unresolved,unknown,,unverified-needs-official-check,,not documented,Knowledge-practice forms use MCQ/MR only; official item formats not reproducible in this format are listed in the exam-version record.,not checked,independent preparation; no affiliation/endorsement,yes,none
MST-0288,GIAC,GIAC Global Industrial Cyber Security Professional: GICSP,,global,en,unresolved,unknown,,unverified-needs-official-check,,not documented,Knowledge-practice forms use MCQ/MR only; official item formats not reproducible in this format are listed in the exam-version record.,not checked,independent preparation; no affiliation/endorsement,yes,none
MST-0289,EC-Council,EC-Council Certified Ethical Hacker: CEH Knowledge Preparation,312-50,global,en,unresolved,unknown,,unverified-needs-official-check,,not documented,Knowledge-practice forms use MCQ/MR only; official item formats not reproducible in this format are listed in the exam-version record.,not checked,independent preparation; no affiliation/endorsement,no,none
MST-0290,OffSec,OffSec OSCP: Authorized-Lab Knowledge and Demonstration Preparation,,global,en,unresolved,unknown,,unverified-needs-official-check,,not documented,Official exam is performance-based (hands-on); Mastemy offers knowledge preparation and video demonstrations only.,not checked,independent preparation; no affiliation/endorsement,yes,none
MST-0291,SHRM,SHRM Certified Professional: SHRM-CP,SHRM-CP,United States,en,unresolved,unknown,,unverified-needs-official-check,,not documented,Knowledge-practice forms use MCQ/MR only; official item formats not reproducible in this format are listed in the exam-version record.,not checked,independent preparation; no affiliation/endorsement,no,none
MST-0292,SHRM,SHRM Senior Certified Professional: SHRM-SCP,SHRM-SCP,United States,en,unresolved,unknown,,unverified-needs-official-check,,not documented,Knowledge-practice forms use MCQ/MR only; official item formats not reproducible in this format are listed in the exam-version record.,not checked,independent preparation; no affiliation/endorsement,no,none
MST-0293,HRCI,HRCI Associate Professional in Human Resources: aPHR,aPHR,United States,en,unresolved,unknown,,unverified-needs-official-check,,not documented,Knowledge-practice forms use MCQ/MR only; official item formats not reproducible in this format are listed in the exam-version record.,not checked,independent preparation; no affiliation/endorsement,no,none
MST-0294,HRCI,HRCI Professional in Human Resources: PHR,PHR,United States,en,unresolved,unknown,,unverified-needs-official-check,,not documented,Knowledge-practice forms use MCQ/MR only; official item formats not reproducible in this format are listed in the exam-version record.,not checked,independent preparation; no affiliation/endorsement,no,none
MST-0295,HRCI,HRCI Senior Professional in Human Resources: SPHR,SPHR,United States,en,unresolved,unknown,,unverified-needs-official-check,,not documented,Knowledge-practice forms use MCQ/MR only; official item formats not reproducible in this format are listed in the exam-version record.,not checked,independent preparation; no affiliation/endorsement,no,none
MST-0296,HRCI,HRCI Global Professional in Human Resources: GPHR,,United States,en,unresolved,unknown,,unverified-needs-official-check,,not documented,Knowledge-practice forms use MCQ/MR only; official item formats not reproducible in this format are listed in the exam-version record.,not checked,independent preparation; no affiliation/endorsement,yes,none
MST-0297,HRCI,HRCI Professional in Human Resources International: PHRi,,international,en,unresolved,unknown,,unverified-needs-official-check,,not documented,Knowledge-practice forms use MCQ/MR only; official item formats not reproducible in this format are listed in the exam-version record.,not checked,independent preparation; no affiliation/endorsement,yes,none
MST-0298,HRCI,HRCI Senior Professional in Human Resources International: SPHRi,,international,en,unresolved,unknown,,unverified-needs-official-check,,not documented,Knowledge-practice forms use MCQ/MR only; official item formats not reproducible in this format are listed in the exam-version record.,not checked,independent preparation; no affiliation/endorsement,yes,none
MST-0299,ATD,ATD Associate Professional in Talent Development: APTD,,global,en,unresolved,unknown,,unverified-needs-official-check,,not documented,Knowledge-practice forms use MCQ/MR only; official item formats not reproducible in this format are listed in the exam-version record.,not checked,independent preparation; no affiliation/endorsement,yes,none
MST-0300,ATD,ATD Certified Professional in Talent Development: CPTD,,global,en,unresolved,unknown,,unverified-needs-official-check,,not documented,Knowledge-practice forms use MCQ/MR only; official item formats not reproducible in this format are listed in the exam-version record.,not checked,independent preparation; no affiliation/endorsement,yes,none
MST-0301,PayrollOrg,PayrollOrg Fundamental Payroll Certification: FPC,,jurisdiction-specific: set per course version,en,unresolved,unknown,,unverified-needs-official-check,,not documented,Knowledge-practice forms use MCQ/MR only; official item formats not reproducible in this format are listed in the exam-version record.,not checked,independent preparation; no affiliation/endorsement,yes,none
MST-0302,PayrollOrg,PayrollOrg Certified Payroll Professional: CPP,,jurisdiction-specific: set per course version,en,unresolved,unknown,,unverified-needs-official-check,,not documented,Knowledge-practice forms use MCQ/MR only; official item formats not reproducible in this format are listed in the exam-version record.,not checked,independent preparation; no affiliation/endorsement,yes,none
MST-0303,ASCM,ASCM APICS Certified in Planning and Inventory Management: CPIM,CPIM,global,en,unresolved,unknown,,unverified-needs-official-check,,not documented,Knowledge-practice forms use MCQ/MR only; official item formats not reproducible in this format are listed in the exam-version record.,not checked,independent preparation; no affiliation/endorsement,no,none
MST-0304,ASCM,ASCM APICS Certified Supply Chain Professional: CSCP,CSCP,global,en,unresolved,unknown,,unverified-needs-official-check,,not documented,Knowledge-practice forms use MCQ/MR only; official item formats not reproducible in this format are listed in the exam-version record.,not checked,independent preparation; no affiliation/endorsement,no,none
MST-0305,ASCM,"ASCM APICS Certified in Logistics, Transportation and Distribution: CLTD",CLTD,global,en,unresolved,unknown,,unverified-needs-official-check,,not documented,Knowledge-practice forms use MCQ/MR only; official item formats not reproducible in this format are listed in the exam-version record.,not checked,independent preparation; no affiliation/endorsement,no,none
MST-0306,ASCM,ASCM APICS Certified in Transformation for Supply Chain: CTSC,,global,en,unresolved,unknown,,unverified-needs-official-check,,not documented,Knowledge-practice forms use MCQ/MR only; official item formats not reproducible in this format are listed in the exam-version record.,not checked,independent preparation; no affiliation/endorsement,yes,none
MST-0307,ISM,ISM CPSM: Supply Management Core Examination,CPSM,global,en,unresolved,unknown,,unverified-needs-official-check,,not documented,Knowledge-practice forms use MCQ/MR only; official item formats not reproducible in this format are listed in the exam-version record.,not checked,independent preparation; no affiliation/endorsement,no,none
MST-0308,ISM,ISM CPSM: Supply Management Integration Examination,,global,en,unresolved,unknown,,unverified-needs-official-check,,not documented,Knowledge-practice forms use MCQ/MR only; official item formats not reproducible in this format are listed in the exam-version record.,not checked,independent preparation; no affiliation/endorsement,yes,none
MST-0309,ISM,ISM CPSM: Leadership and Transformation in Supply Management Examination,,global,en,unresolved,unknown,,unverified-needs-official-check,,not documented,Knowledge-practice forms use MCQ/MR only; official item formats not reproducible in this format are listed in the exam-version record.,not checked,independent preparation; no affiliation/endorsement,yes,none
MST-0310,ISM,ISM Certified Professional in Supplier Diversity: CPSD,,global,en,unresolved,unknown,,unverified-needs-official-check,,not documented,Knowledge-practice forms use MCQ/MR only; official item formats not reproducible in this format are listed in the exam-version record.,not checked,independent preparation; no affiliation/endorsement,yes,none
MST-0311,ASQ,ASQ Certified Six Sigma Yellow Belt: CSSYB,CSSYB,global,en,unresolved,unknown,,unverified-needs-official-check,,not documented,Knowledge-practice forms use MCQ/MR only; official item formats not reproducible in this format are listed in the exam-version record.,not checked,independent preparation; no affiliation/endorsement,no,none
MST-0312,ASQ,ASQ Certified Six Sigma Green Belt: CSSGB,CSSGB,global,en,unresolved,unknown,,unverified-needs-official-check,,not documented,Knowledge-practice forms use MCQ/MR only; official item formats not reproducible in this format are listed in the exam-version record.,not checked,independent preparation; no affiliation/endorsement,no,none
MST-0313,ASQ,ASQ Certified Six Sigma Black Belt: CSSBB,CSSBB,global,en,unresolved,unknown,,unverified-needs-official-check,,not documented,Knowledge-practice forms use MCQ/MR only; official item formats not reproducible in this format are listed in the exam-version record.,not checked,independent preparation; no affiliation/endorsement,no,none
MST-0314,ASQ,ASQ Certified Master Black Belt: CMBB,CMBB,global,en,unresolved,unknown,,unverified-needs-official-check,,not documented,Knowledge-practice forms use MCQ/MR only; official item formats not reproducible in this format are listed in the exam-version record.,not checked,independent preparation; no affiliation/endorsement,no,none
MST-0315,ASQ,ASQ Certified Quality Engineer: CQE,CQE,global,en,unresolved,unknown,,unverified-needs-official-check,,not documented,Knowledge-practice forms use MCQ/MR only; official item formats not reproducible in this format are listed in the exam-version record.,not checked,independent preparation; no affiliation/endorsement,no,none
MST-0316,ASQ,ASQ Certified Quality Auditor: CQA,CQA,global,en,unresolved,unknown,,unverified-needs-official-check,,not documented,Knowledge-practice forms use MCQ/MR only; official item formats not reproducible in this format are listed in the exam-version record.,not checked,independent preparation; no affiliation/endorsement,no,none
MST-0317,ASQ,ASQ Certified Manager of Quality/Organizational Excellence: CMQ/OE,CMQ/OE,global,en,unresolved,unknown,,unverified-needs-official-check,,not documented,Knowledge-practice forms use MCQ/MR only; official item formats not reproducible in this format are listed in the exam-version record.,not checked,independent preparation; no affiliation/endorsement,no,none
MST-0318,ASQ,ASQ Certified Reliability Engineer: CRE,CRE,global,en,unresolved,unknown,,unverified-needs-official-check,,not documented,Knowledge-practice forms use MCQ/MR only; official item formats not reproducible in this format are listed in the exam-version record.,not checked,independent preparation; no affiliation/endorsement,no,none
MST-0319,ASQ,ASQ Certified Software Quality Engineer: CSQE,,global,en,unresolved,unknown,,unverified-needs-official-check,,not documented,Knowledge-practice forms use MCQ/MR only; official item formats not reproducible in this format are listed in the exam-version record.,not checked,independent preparation; no affiliation/endorsement,yes,none
MST-0320,ASQ,ASQ Certified Supplier Quality Professional: CSQP,,global,en,unresolved,unknown,,unverified-needs-official-check,,not documented,Knowledge-practice forms use MCQ/MR only; official item formats not reproducible in this format are listed in the exam-version record.,not checked,independent preparation; no affiliation/endorsement,yes,none
MST-0321,ASQ,ASQ Certified Quality Improvement Associate: CQIA,,global,en,unresolved,unknown,,unverified-needs-official-check,,not documented,Knowledge-practice forms use MCQ/MR only; official item formats not reproducible in this format are listed in the exam-version record.,not checked,independent preparation; no affiliation/endorsement,yes,none
MST-0322,ASQ,ASQ Certified Quality Process Analyst: CQPA,,global,en,unresolved,unknown,,unverified-needs-official-check,,not documented,Knowledge-practice forms use MCQ/MR only; official item formats not reproducible in this format are listed in the exam-version record.,not checked,independent preparation; no affiliation/endorsement,yes,none
MST-0323,ASQ,ASQ Certified Quality Technician: CQT,,global,en,unresolved,unknown,,unverified-needs-official-check,,not documented,Knowledge-practice forms use MCQ/MR only; official item formats not reproducible in this format are listed in the exam-version record.,not checked,independent preparation; no affiliation/endorsement,yes,none
MST-0324,ASQ,ASQ Certified Quality Inspector: CQI,,global,en,unresolved,unknown,,unverified-needs-official-check,,not documented,Knowledge-practice forms use MCQ/MR only; official item formats not reproducible in this format are listed in the exam-version record.,not checked,independent preparation; no affiliation/endorsement,yes,none
MST-0325,ASQ,ASQ Certified Calibration Technician: CCT,,global,en,unresolved,unknown,,unverified-needs-official-check,,not documented,Knowledge-practice forms use MCQ/MR only; official item formats not reproducible in this format are listed in the exam-version record.,not checked,independent preparation; no affiliation/endorsement,yes,none
MST-0326,ASQ,ASQ Certified Pharmaceutical GMP Professional: CPGP,,global,en,unresolved,unknown,,unverified-needs-official-check,,not documented,Knowledge-practice forms use MCQ/MR only; official item formats not reproducible in this format are listed in the exam-version record.,not checked,independent preparation; no affiliation/endorsement,yes,none
MST-0327,BCSP,BCSP Associate Safety Professional: ASP,,United States,en,unresolved,unknown,,unverified-needs-official-check,,not documented,Knowledge-practice forms use MCQ/MR only; official item formats not reproducible in this format are listed in the exam-version record.,not checked,independent preparation; no affiliation/endorsement,yes,none
MST-0328,BCSP,BCSP Certified Safety Professional: CSP,,United States,en,unresolved,unknown,,unverified-needs-official-check,,not documented,Knowledge-practice forms use MCQ/MR only; official item formats not reproducible in this format are listed in the exam-version record.,not checked,independent preparation; no affiliation/endorsement,yes,none
MST-0329,BCSP,BCSP Construction Health and Safety Technician: CHST,,United States,en,unresolved,unknown,,unverified-needs-official-check,,not documented,Knowledge-practice forms use MCQ/MR only; official item formats not reproducible in this format are listed in the exam-version record.,not checked,independent preparation; no affiliation/endorsement,yes,none
MST-0330,BCSP,BCSP Occupational Hygiene and Safety Technician: OHST,,United States,en,unresolved,unknown,,unverified-needs-official-check,,not documented,Knowledge-practice forms use MCQ/MR only; official item formats not reproducible in this format are listed in the exam-version record.,not checked,independent preparation; no affiliation/endorsement,yes,none
MST-0331,BCSP,BCSP Safety Management Specialist: SMS,,United States,en,unresolved,unknown,,unverified-needs-official-check,,not documented,Knowledge-practice forms use MCQ/MR only; official item formats not reproducible in this format are listed in the exam-version record.,not checked,independent preparation; no affiliation/endorsement,yes,none
MST-0332,BCSP,BCSP Safety Trained Supervisor: STS,,United States,en,unresolved,unknown,,unverified-needs-official-check,,not documented,Knowledge-practice forms use MCQ/MR only; official item formats not reproducible in this format are listed in the exam-version record.,not checked,independent preparation; no affiliation/endorsement,yes,none
MST-0333,BCSP,BCSP Safety Trained Supervisor Construction: STSC,,United States,en,unresolved,unknown,,unverified-needs-official-check,,not documented,Knowledge-practice forms use MCQ/MR only; official item formats not reproducible in this format are listed in the exam-version record.,not checked,independent preparation; no affiliation/endorsement,yes,none
MST-0334,BGC,BGC Certified Industrial Hygienist: CIH,,United States,en,unresolved,unknown,,unverified-needs-official-check,,not documented,Knowledge-practice forms use MCQ/MR only; official item formats not reproducible in this format are listed in the exam-version record.,not checked,independent preparation; no affiliation/endorsement,yes,none
MST-0335,NEBOSH,NEBOSH International General Certificate: Knowledge Preparation,,international,en,unresolved,unknown,,unverified-needs-official-check,,not documented,Knowledge-practice forms use MCQ/MR only; official item formats not reproducible in this format are listed in the exam-version record.,not checked,independent preparation; no affiliation/endorsement,yes,none
MST-0336,NEBOSH,NEBOSH National General Certificate: Knowledge Preparation,,global,en,unresolved,unknown,,unverified-needs-official-check,,not documented,Knowledge-practice forms use MCQ/MR only; official item formats not reproducible in this format are listed in the exam-version record.,not checked,independent preparation; no affiliation/endorsement,yes,none
MST-0337,NEBOSH,NEBOSH International Diploma: Knowledge Preparation,,international,en,unresolved,unknown,,unverified-needs-official-check,,not documented,Knowledge-practice forms use MCQ/MR only; official item formats not reproducible in this format are listed in the exam-version record.,not checked,independent preparation; no affiliation/endorsement,yes,none
MST-0338,IOSH,IOSH Managing Safely: Independent Knowledge Preparation,,global,en,unresolved,unknown,,unverified-needs-official-check,,not documented,Knowledge-practice forms use MCQ/MR only; official item formats not reproducible in this format are listed in the exam-version record.,not checked,independent preparation; no affiliation/endorsement,yes,none
MST-0339,HRCI,HRCI Professional in Human Resources — California: PHRca,,United States (California),en,unresolved,unknown,,unverified-needs-official-check,,not documented,Knowledge-practice forms use MCQ/MR only; official item formats not reproducible in this format are listed in the exam-version record.,not checked,independent preparation; no affiliation/endorsement,yes,none
MST-0340,IFMA,IFMA Certified Facility Manager: CFM,,global,en,unresolved,unknown,,unverified-needs-official-check,,not documented,Knowledge-practice forms use MCQ/MR only; official item formats not reproducible in this format are listed in the exam-version record.,not checked,independent preparation; no affiliation/endorsement,yes,none
MST-0341,NCSBN,NCLEX-RN: Registered Nurse Comprehensive Knowledge Preparation,NCLEX-RN,United States,en,unresolved,unknown,,unverified-needs-official-check,,not documented,NCLEX includes alternate and next-generation clinical-judgment item formats; Mastemy uses MCQ/MR only and does not replicate clinical performance.,not checked,independent preparation; no affiliation/endorsement,no,none
MST-0342,NCSBN,NCLEX-PN: Practical Nurse Comprehensive Knowledge Preparation,NCLEX-PN,United States,en,unresolved,unknown,,unverified-needs-official-check,,not documented,NCLEX includes alternate and next-generation clinical-judgment item formats; Mastemy uses MCQ/MR only and does not replicate clinical performance.,not checked,independent preparation; no affiliation/endorsement,no,none
MST-0343,USMLE (FSMB/NBME),USMLE Step 1: Foundational Medical Sciences,USMLE Step 1,United States,en,unresolved,unknown,,unverified-needs-official-check,,not documented,Knowledge-practice forms use MCQ/MR only; official item formats not reproducible in this format are listed in the exam-version record.,not checked,independent preparation; no affiliation/endorsement,no,none
MST-0344,USMLE (FSMB/NBME),USMLE Step 2 CK: Clinical Knowledge,USMLE Step 2 CK,United States,en,unresolved,unknown,,unverified-needs-official-check,,not documented,Knowledge-practice forms use MCQ/MR only; official item formats not reproducible in this format are listed in the exam-version record.,not checked,independent preparation; no affiliation/endorsement,no,none
MST-0345,USMLE (FSMB/NBME),USMLE Step 3: Medical Knowledge and Case-Reasoning Preparation,USMLE Step 3,United States,en,unresolved,unknown,,unverified-needs-official-check,,not documented,Knowledge-practice forms use MCQ/MR only; official item formats not reproducible in this format are listed in the exam-version record.,not checked,independent preparation; no affiliation/endorsement,no,none
MST-0346,NBME,NBME Comprehensive Basic Science Examination Preparation,,United States,en,unresolved,unknown,,unverified-needs-official-check,,not documented,Knowledge-practice forms use MCQ/MR only; official item formats not reproducible in this format are listed in the exam-version record.,not checked,independent preparation; no affiliation/endorsement,yes,none
MST-0347,NCCPA,NCCPA PANCE: Physician Assistant Knowledge Preparation,PANCE,United States,en,unresolved,unknown,,unverified-needs-official-check,,not documented,Knowledge-practice forms use MCQ/MR only; official item formats not reproducible in this format are listed in the exam-version record.,not checked,independent preparation; no affiliation/endorsement,no,none
MST-0348,NABP,NAPLEX: Pharmacist Licensure Knowledge Preparation,NAPLEX,United States,en,unresolved,unknown,,unverified-needs-official-check,,not documented,Knowledge-practice forms use MCQ/MR only; official item formats not reproducible in this format are listed in the exam-version record.,not checked,independent preparation; no affiliation/endorsement,no,none
MST-0349,PTCB,PTCB Pharmacy Technician Certification Examination: PTCE,PTCE,United States,en,unresolved,unknown,,unverified-needs-official-check,,not documented,Knowledge-practice forms use MCQ/MR only; official item formats not reproducible in this format are listed in the exam-version record.,not checked,independent preparation; no affiliation/endorsement,no,none
MST-0350,AMT,AMT Registered Medical Assistant: RMA,,United States,en,unresolved,unknown,,unverified-needs-official-check,,not documented,Knowledge-practice forms use MCQ/MR only; official item formats not reproducible in this format are listed in the exam-version record.,not checked,independent preparation; no affiliation/endorsement,yes,none
MST-0351,AAMA,AAMA Certified Medical Assistant: CMA (AAMA),CMA (AAMA),United States,en,unresolved,unknown,,unverified-needs-official-check,,not documented,Knowledge-practice forms use MCQ/MR only; official item formats not reproducible in this format are listed in the exam-version record.,not checked,independent preparation; no affiliation/endorsement,no,none
MST-0352,AHIMA,AHIMA Certified Coding Associate: CCA,,United States,en,unresolved,unknown,,unverified-needs-official-check,,not documented,Knowledge-practice forms use MCQ/MR only; official item formats not reproducible in this format are listed in the exam-version record.,not checked,independent preparation; no affiliation/endorsement,yes,none
MST-0353,AHIMA,AHIMA Certified Coding Specialist: CCS,CCS,United States,en,unresolved,unknown,,unverified-needs-official-check,,not documented,Knowledge-practice forms use MCQ/MR only; official item formats not reproducible in this format are listed in the exam-version record.,not checked,independent preparation; no affiliation/endorsement,no,none
MST-0354,AHIMA,AHIMA Registered Health Information Technician: RHIT,RHIT,United States,en,unresolved,unknown,,unverified-needs-official-check,,not documented,Knowledge-practice forms use MCQ/MR only; official item formats not reproducible in this format are listed in the exam-version record.,not checked,independent preparation; no affiliation/endorsement,no,none
MST-0355,AHIMA,AHIMA Registered Health Information Administrator: RHIA,,United States,en,unresolved,unknown,,unverified-needs-official-check,,not documented,Knowledge-practice forms use MCQ/MR only; official item formats not reproducible in this format are listed in the exam-version record.,not checked,independent preparation; no affiliation/endorsement,yes,none
MST-0356,AAPC,AAPC Certified Professional Coder: CPC,CPC,United States,en,unresolved,unknown,,unverified-needs-official-check,,not documented,Knowledge-practice forms use MCQ/MR only; official item formats not reproducible in this format are listed in the exam-version record.,not checked,independent preparation; no affiliation/endorsement,no,none
MST-0357,AAPC,AAPC Certified Outpatient Coder: COC,,United States,en,unresolved,unknown,,unverified-needs-official-check,,not documented,Knowledge-practice forms use MCQ/MR only; official item formats not reproducible in this format are listed in the exam-version record.,not checked,independent preparation; no affiliation/endorsement,yes,none
MST-0358,AAPC,AAPC Certified Inpatient Coder: CIC,,United States,en,unresolved,unknown,,unverified-needs-official-check,,not documented,Knowledge-practice forms use MCQ/MR only; official item formats not reproducible in this format are listed in the exam-version record.,not checked,independent preparation; no affiliation/endorsement,yes,none
MST-0359,AAPC,AAPC Certified Risk Adjustment Coder: CRC,,United States,en,unresolved,unknown,,unverified-needs-official-check,,not documented,Knowledge-practice forms use MCQ/MR only; official item formats not reproducible in this format are listed in the exam-version record.,not checked,independent preparation; no affiliation/endorsement,yes,none
MST-0360,NAHQ,NAHQ Certified Professional in Healthcare Quality: CPHQ,,United States,en,unresolved,unknown,,unverified-needs-official-check,,not documented,Knowledge-practice forms use MCQ/MR only; official item formats not reproducible in this format are listed in the exam-version record.,not checked,independent preparation; no affiliation/endorsement,yes,none
MST-0361,NREMT,NREMT Emergency Medical Technician: Knowledge Preparation,EMT,United States,en,unresolved,unknown,,unverified-needs-official-check,,not documented,Knowledge-practice forms use MCQ/MR only; official item formats not reproducible in this format are listed in the exam-version record.,not checked,independent preparation; no affiliation/endorsement,no,none
MST-0362,NREMT,NREMT Paramedic Certification: Knowledge Preparation,,United States,en,unresolved,unknown,,unverified-needs-official-check,,not documented,Knowledge-practice forms use MCQ/MR only; official item formats not reproducible in this format are listed in the exam-version record.,not checked,independent preparation; no affiliation/endorsement,yes,none
MST-0363,FSBPT,FSBPT National Physical Therapy Examination: NPTE-PT,,United States,en,unresolved,unknown,,unverified-needs-official-check,,not documented,Official test assesses writing and speaking; MCQ/MR cannot assess productive skills. Mastemy teaches all four skills by video and model-answer analysis but scores only receptive and knowledge items.,not checked,independent preparation; no affiliation/endorsement,yes,none
MST-0364,FSBPT,FSBPT Physical Therapist Assistant Examination: NPTE-PTA,,United States,en,unresolved,unknown,,unverified-needs-official-check,,not documented,Official test assesses writing and speaking; MCQ/MR cannot assess productive skills. Mastemy teaches all four skills by video and model-answer analysis but scores only receptive and knowledge items.,not checked,independent preparation; no affiliation/endorsement,yes,none
MST-0365,NBCOT,NBCOT Occupational Therapist Registered: OTR,,United States,en,unresolved,unknown,,unverified-needs-official-check,,not documented,Knowledge-practice forms use MCQ/MR only; official item formats not reproducible in this format are listed in the exam-version record.,not checked,independent preparation; no affiliation/endorsement,yes,none
MST-0366,NBCOT,NBCOT Certified Occupational Therapy Assistant: COTA,,United States,en,unresolved,unknown,,unverified-needs-official-check,,not documented,Knowledge-practice forms use MCQ/MR only; official item formats not reproducible in this format are listed in the exam-version record.,not checked,independent preparation; no affiliation/endorsement,yes,none
MST-0367,ARRT,ARRT Radiography Examination: Knowledge Preparation,,United States,en,unresolved,unknown,,unverified-needs-official-check,,not documented,Knowledge-practice forms use MCQ/MR only; official item formats not reproducible in this format are listed in the exam-version record.,not checked,independent preparation; no affiliation/endorsement,yes,none
MST-0368,ARDMS,ARDMS Sonography Principles and Instrumentation: SPI,,United States,en,unresolved,unknown,,unverified-needs-official-check,,not documented,Knowledge-practice forms use MCQ/MR only; official item formats not reproducible in this format are listed in the exam-version record.,not checked,independent preparation; no affiliation/endorsement,yes,none
MST-0369,ASCP BOC,ASCP Medical Laboratory Scientist: MLS,,United States,en,unresolved,unknown,,unverified-needs-official-check,,not documented,Knowledge-practice forms use MCQ/MR only; official item formats not reproducible in this format are listed in the exam-version record.,not checked,independent preparation; no affiliation/endorsement,yes,none
MST-0370,CDR,CDR Registered Dietitian Examination: Knowledge Preparation,,United States,en,unresolved,unknown,,unverified-needs-official-check,,not documented,Knowledge-practice forms use MCQ/MR only; official item formats not reproducible in this format are listed in the exam-version record.,not checked,independent preparation; no affiliation/endorsement,yes,none
MST-0371,NCEES,NCEES FE Civil,FE Civil,United States,en,unresolved,unknown,,unverified-needs-official-check,,not documented,Knowledge-practice forms use MCQ/MR only; official item formats not reproducible in this format are listed in the exam-version record.,not checked,independent preparation; no affiliation/endorsement,no,none
MST-0372,NCEES,NCEES FE Mechanical,FE Mechanical,United States,en,unresolved,unknown,,unverified-needs-official-check,,not documented,Knowledge-practice forms use MCQ/MR only; official item formats not reproducible in this format are listed in the exam-version record.,not checked,independent preparation; no affiliation/endorsement,no,none
MST-0373,NCEES,NCEES FE Electrical and Computer,FE Electrical and Computer,United States,en,unresolved,unknown,,unverified-needs-official-check,,not documented,Knowledge-practice forms use MCQ/MR only; official item formats not reproducible in this format are listed in the exam-version record.,not checked,independent preparation; no affiliation/endorsement,no,none
MST-0374,NCEES,NCEES FE Chemical,FE Chemical,United States,en,unresolved,unknown,,unverified-needs-official-check,,not documented,Knowledge-practice forms use MCQ/MR only; official item formats not reproducible in this format are listed in the exam-version record.,not checked,independent preparation; no affiliation/endorsement,no,none
MST-0375,NCEES,NCEES FE Environmental,FE Environmental,United States,en,unresolved,unknown,,unverified-needs-official-check,,not documented,Knowledge-practice forms use MCQ/MR only; official item formats not reproducible in this format are listed in the exam-version record.,not checked,independent preparation; no affiliation/endorsement,no,none
MST-0376,NCEES,NCEES FE Industrial and Systems,FE Industrial and Systems,United States,en,unresolved,unknown,,unverified-needs-official-check,,not documented,Knowledge-practice forms use MCQ/MR only; official item formats not reproducible in this format are listed in the exam-version record.,not checked,independent preparation; no affiliation/endorsement,no,none
MST-0377,NCEES,NCEES FE Other Disciplines,FE Other Disciplines,United States,en,unresolved,unknown,,unverified-needs-official-check,,not documented,Knowledge-practice forms use MCQ/MR only; official item formats not reproducible in this format are listed in the exam-version record.,not checked,independent preparation; no affiliation/endorsement,no,none
MST-0378,NCEES,NCEES PE Civil: Construction,,United States,en,unresolved,unknown,,unverified-needs-official-check,,not documented,Knowledge-practice forms use MCQ/MR only; official item formats not reproducible in this format are listed in the exam-version record.,not checked,independent preparation; no affiliation/endorsement,yes,none
MST-0379,NCEES,NCEES PE Civil: Geotechnical,,United States,en,unresolved,unknown,,unverified-needs-official-check,,not documented,Knowledge-practice forms use MCQ/MR only; official item formats not reproducible in this format are listed in the exam-version record.,not checked,independent preparation; no affiliation/endorsement,yes,none
MST-0380,NCEES,NCEES PE Civil: Structural,,United States,en,unresolved,unknown,,unverified-needs-official-check,,not documented,Knowledge-practice forms use MCQ/MR only; official item formats not reproducible in this format are listed in the exam-version record.,not checked,independent preparation; no affiliation/endorsement,yes,none
MST-0381,NCEES,NCEES PE Civil: Transportation,,United States,en,unresolved,unknown,,unverified-needs-official-check,,not documented,Knowledge-practice forms use MCQ/MR only; official item formats not reproducible in this format are listed in the exam-version record.,not checked,independent preparation; no affiliation/endorsement,yes,none
MST-0382,NCEES,NCEES PE Civil: Water Resources and Environmental,,United States,en,unresolved,unknown,,unverified-needs-official-check,,not documented,Knowledge-practice forms use MCQ/MR only; official item formats not reproducible in this format are listed in the exam-version record.,not checked,independent preparation; no affiliation/endorsement,yes,none
MST-0383,NCEES,NCEES PE Mechanical: HVAC and Refrigeration,,United States,en,unresolved,unknown,,unverified-needs-official-check,,not documented,Knowledge-practice forms use MCQ/MR only; official item formats not reproducible in this format are listed in the exam-version record.,not checked,independent preparation; no affiliation/endorsement,yes,none
MST-0384,NCEES,NCEES PE Mechanical: Machine Design and Materials,,United States,en,unresolved,unknown,,unverified-needs-official-check,,not documented,Knowledge-practice forms use MCQ/MR only; official item formats not reproducible in this format are listed in the exam-version record.,not checked,independent preparation; no affiliation/endorsement,yes,none
MST-0385,NCEES,NCEES PE Mechanical: Thermal and Fluid Systems,,United States,en,unresolved,unknown,,unverified-needs-official-check,,not documented,Knowledge-practice forms use MCQ/MR only; official item formats not reproducible in this format are listed in the exam-version record.,not checked,independent preparation; no affiliation/endorsement,yes,none
MST-0386,NCEES,NCEES PE Electrical and Computer: Power,,United States,en,unresolved,unknown,,unverified-needs-official-check,,not documented,Knowledge-practice forms use MCQ/MR only; official item formats not reproducible in this format are listed in the exam-version record.,not checked,independent preparation; no affiliation/endorsement,yes,none
MST-0387,ETS,Praxis Core: Reading,,global,en,unresolved,unknown,,unverified-needs-official-check,,not documented,Knowledge-practice forms use MCQ/MR only; official item formats not reproducible in this format are listed in the exam-version record.,not checked,independent preparation; no affiliation/endorsement,yes,none
MST-0388,ETS,Praxis Core: Writing Knowledge and Response-Analysis Preparation,,global,en,unresolved,unknown,,unverified-needs-official-check,,not documented,Written components are not assessed by MCQ/MR; model-answer analysis is shown by video only.,not checked,independent preparation; no affiliation/endorsement,yes,none
MST-0389,ETS,Praxis Core: Mathematics,,global,en,unresolved,unknown,,unverified-needs-official-check,,not documented,Knowledge-practice forms use MCQ/MR only; official item formats not reproducible in this format are listed in the exam-version record.,not checked,independent preparation; no affiliation/endorsement,yes,none
MST-0390,ETS,Praxis Elementary Education: Multiple Subjects Preparation,,global,en,unresolved,unknown,,unverified-needs-official-check,,not documented,Knowledge-practice forms use MCQ/MR only; official item formats not reproducible in this format are listed in the exam-version record.,not checked,independent preparation; no affiliation/endorsement,yes,none
MST-0391,IELTS partners,IELTS Academic: Complete Four-Skill Teaching and Knowledge Practice,IELTS-AC,global,en,unresolved,unknown,,unverified-needs-official-check,,not documented,Official test assesses writing and speaking; MCQ/MR cannot assess productive skills. Mastemy teaches all four skills by video and model-answer analysis but scores only receptive and knowledge items.,not checked,independent preparation; no affiliation/endorsement,no,none
MST-0392,IELTS partners,IELTS General Training: Complete Four-Skill Teaching and Knowledge Practice,IELTS-GT,global,en,unresolved,unknown,,unverified-needs-official-check,,not documented,Official test assesses writing and speaking; MCQ/MR cannot assess productive skills. Mastemy teaches all four skills by video and model-answer analysis but scores only receptive and knowledge items.,not checked,independent preparation; no affiliation/endorsement,no,none
MST-0393,IELTS partners,IELTS Academic Writing: Task Analysis and Model-Response Evaluation,,global,en,unresolved,unknown,,unverified-needs-official-check,,not documented,Official test assesses writing and speaking; MCQ/MR cannot assess productive skills. Mastemy teaches all four skills by video and model-answer analysis but scores only receptive and knowledge items.,not checked,independent preparation; no affiliation/endorsement,yes,none
MST-0394,IELTS partners,IELTS General Training Writing: Letters and Essays,,global,en,unresolved,unknown,,unverified-needs-official-check,,not documented,Official test assesses writing and speaking; MCQ/MR cannot assess productive skills. Mastemy teaches all four skills by video and model-answer analysis but scores only receptive and knowledge items.,not checked,independent preparation; no affiliation/endorsement,yes,none
MST-0395,IELTS partners,"IELTS Speaking: Fluency, Pronunciation, and Response Strategy",,global,en,unresolved,unknown,,unverified-needs-official-check,,not documented,Official test assesses writing and speaking; MCQ/MR cannot assess productive skills. Mastemy teaches all four skills by video and model-answer analysis but scores only receptive and knowledge items.,not checked,independent preparation; no affiliation/endorsement,yes,none
MST-0396,IELTS partners,IELTS Listening: Comprehension and Test Strategy,,global,en,unresolved,unknown,,unverified-needs-official-check,,not documented,Official test assesses writing and speaking; MCQ/MR cannot assess productive skills. Mastemy teaches all four skills by video and model-answer analysis but scores only receptive and knowledge items.,not checked,independent preparation; no affiliation/endorsement,yes,none
MST-0397,IELTS partners,IELTS Academic Reading: Advanced Comprehension and Evidence,,global,en,unresolved,unknown,,unverified-needs-official-check,,not documented,Official test assesses writing and speaking; MCQ/MR cannot assess productive skills. Mastemy teaches all four skills by video and model-answer analysis but scores only receptive and knowledge items.,not checked,independent preparation; no affiliation/endorsement,yes,none
MST-0398,IELTS partners,IELTS General Training Reading: Workplace and Everyday Texts,,global,en,unresolved,unknown,,unverified-needs-official-check,,not documented,Official test assesses writing and speaking; MCQ/MR cannot assess productive skills. Mastemy teaches all four skills by video and model-answer analysis but scores only receptive and knowledge items.,not checked,independent preparation; no affiliation/endorsement,yes,none
MST-0399,ETS,TOEFL iBT: Comprehensive Test Preparation,TOEFL iBT,global,en,unresolved,unknown,,unverified-needs-official-check,,not documented,Official test assesses writing and speaking; MCQ/MR cannot assess productive skills. Mastemy teaches all four skills by video and model-answer analysis but scores only receptive and knowledge items.,not checked,independent preparation; no affiliation/endorsement,no,none
MST-0400,Pearson,PTE Academic: Comprehensive Test Preparation,PTE Academic,global,en,unresolved,unknown,,unverified-needs-official-check,,not documented,Official test assesses writing and speaking; MCQ/MR cannot assess productive skills. Mastemy teaches all four skills by video and model-answer analysis but scores only receptive and knowledge items.,not checked,independent preparation; no affiliation/endorsement,no,none
MST-0401,OET,OET Nursing: Healthcare English Preparation,OET Nursing,jurisdiction-specific: set per course version,en,unresolved,unknown,,unverified-needs-official-check,,not documented,Official test assesses writing and speaking; MCQ/MR cannot assess productive skills. Mastemy teaches all four skills by video and model-answer analysis but scores only receptive and knowledge items.,not checked,independent preparation; no affiliation/endorsement,no,none
MST-0402,OET,OET Medicine: Clinical Communication Preparation,OET Medicine,global,en,unresolved,unknown,,unverified-needs-official-check,,not documented,Official test assesses writing and speaking; MCQ/MR cannot assess productive skills. Mastemy teaches all four skills by video and model-answer analysis but scores only receptive and knowledge items.,not checked,independent preparation; no affiliation/endorsement,no,none
MST-0403,Duolingo,Duolingo English Test: Comprehensive Preparation,DET,global,en,unresolved,unknown,,unverified-needs-official-check,,not documented,Official test assesses writing and speaking; MCQ/MR cannot assess productive skills. Mastemy teaches all four skills by video and model-answer analysis but scores only receptive and knowledge items.,not checked,independent preparation; no affiliation/endorsement,no,none
MST-0404,Cambridge English,Cambridge B2 First: Comprehensive Preparation,B2 First,global,en,unresolved,unknown,,unverified-needs-official-check,,not documented,Official test assesses writing and speaking; MCQ/MR cannot assess productive skills. Mastemy teaches all four skills by video and model-answer analysis but scores only receptive and knowledge items.,not checked,independent preparation; no affiliation/endorsement,no,none
MST-0405,Cambridge English,Cambridge C1 Advanced: Comprehensive Preparation,C1 Advanced,global,en,unresolved,unknown,,unverified-needs-official-check,,not documented,Official test assesses writing and speaking; MCQ/MR cannot assess productive skills. Mastemy teaches all four skills by video and model-answer analysis but scores only receptive and knowledge items.,not checked,independent preparation; no affiliation/endorsement,no,none
MST-0406,Cambridge English,Cambridge C2 Proficiency: Comprehensive Preparation,C2 Proficiency,global,en,unresolved,unknown,,unverified-needs-official-check,,not documented,Official test assesses writing and speaking; MCQ/MR cannot assess productive skills. Mastemy teaches all four skills by video and model-answer analysis but scores only receptive and knowledge items.,not checked,independent preparation; no affiliation/endorsement,no,none
MST-0407,ETS,TOEIC Listening and Reading Preparation,,global,en,unresolved,unknown,,unverified-needs-official-check,,not documented,Official test assesses writing and speaking; MCQ/MR cannot assess productive skills. Mastemy teaches all four skills by video and model-answer analysis but scores only receptive and knowledge items.,not checked,independent preparation; no affiliation/endorsement,yes,none
MST-0408,ETS,TOEIC Speaking and Writing: Knowledge and Model-Response Preparation,,global,en,unresolved,unknown,,unverified-needs-official-check,,not documented,Official test assesses writing and speaking; MCQ/MR cannot assess productive skills. Mastemy teaches all four skills by video and model-answer analysis but scores only receptive and knowledge items.,not checked,independent preparation; no affiliation/endorsement,yes,none
MST-0409,Paragon Testing,CELPIP General: Comprehensive Preparation,,global,en,unresolved,unknown,,unverified-needs-official-check,,not documented,Official test assesses writing and speaking; MCQ/MR cannot assess productive skills. Mastemy teaches all four skills by video and model-answer analysis but scores only receptive and knowledge items.,not checked,independent preparation; no affiliation/endorsement,yes,none
MST-0410,College Board,"SAT: Reading, Writing, and Mathematics",,United States,en,unresolved,unknown,,unverified-needs-official-check,,not documented,Written components are not assessed by MCQ/MR; model-answer analysis is shown by video only.,not checked,independent preparation; no affiliation/endorsement,yes,none
MST-0411,ACT,ACT: Comprehensive Admissions Test Preparation,,United States,en,unresolved,unknown,,unverified-needs-official-check,,not documented,Knowledge-practice forms use MCQ/MR only; official item formats not reproducible in this format are listed in the exam-version record.,not checked,independent preparation; no affiliation/endorsement,yes,none
MST-0412,ETS,GRE General Test: Comprehensive Preparation,,global,en,unresolved,unknown,,unverified-needs-official-check,,not documented,Knowledge-practice forms use MCQ/MR only; official item formats not reproducible in this format are listed in the exam-version record.,not checked,independent preparation; no affiliation/endorsement,yes,none
MST-0413,GMAC,GMAT: Current-Format Comprehensive Preparation,,global,en,unresolved,unknown,,unverified-needs-official-check,,not documented,Knowledge-practice forms use MCQ/MR only; official item formats not reproducible in this format are listed in the exam-version record.,not checked,independent preparation; no affiliation/endorsement,yes,none
MST-0414,LSAC,LSAT: Comprehensive Admissions Test Preparation,,United States,en,unresolved,unknown,,unverified-needs-official-check,,not documented,Knowledge-practice forms use MCQ/MR only; official item formats not reproducible in this format are listed in the exam-version record.,not checked,independent preparation; no affiliation/endorsement,yes,none
MST-0415,AAMC,MCAT: Comprehensive Admissions Test Preparation,,United States,en,unresolved,unknown,,unverified-needs-official-check,,not documented,Knowledge-practice forms use MCQ/MR only; official item formats not reproducible in this format are listed in the exam-version record.,not checked,independent preparation; no affiliation/endorsement,yes,none
MST-0416,GED Testing Service,GED: Comprehensive High-School Equivalency Preparation,,United States,en,unresolved,unknown,,unverified-needs-official-check,,not documented,Knowledge-practice forms use MCQ/MR only; official item formats not reproducible in this format are listed in the exam-version record.,not checked,independent preparation; no affiliation/endorsement,yes,none
MST-0417,College Board,AP Calculus AB: Full-Syllabus Teaching,,United States,en,unresolved,unknown,,unverified-needs-official-check,,not documented,Knowledge-practice forms use MCQ/MR only; official item formats not reproducible in this format are listed in the exam-version record.,not checked,independent preparation; no affiliation/endorsement,yes,none
MST-0418,College Board,AP Calculus BC: Full-Syllabus Teaching,,United States,en,unresolved,unknown,,unverified-needs-official-check,,not documented,Knowledge-practice forms use MCQ/MR only; official item formats not reproducible in this format are listed in the exam-version record.,not checked,independent preparation; no affiliation/endorsement,yes,none
MST-0419,College Board,AP Statistics: Full-Syllabus Teaching,,United States,en,unresolved,unknown,,unverified-needs-official-check,,not documented,Knowledge-practice forms use MCQ/MR only; official item formats not reproducible in this format are listed in the exam-version record.,not checked,independent preparation; no affiliation/endorsement,yes,none
MST-0420,College Board,AP Computer Science A: Full-Syllabus Teaching,,United States,en,unresolved,unknown,,unverified-needs-official-check,,not documented,Knowledge-practice forms use MCQ/MR only; official item formats not reproducible in this format are listed in the exam-version record.,not checked,independent preparation; no affiliation/endorsement,yes,none
MST-0421,College Board,AP Computer Science Principles: Full-Syllabus Teaching,,United States,en,unresolved,unknown,,unverified-needs-official-check,,not documented,Knowledge-practice forms use MCQ/MR only; official item formats not reproducible in this format are listed in the exam-version record.,not checked,independent preparation; no affiliation/endorsement,yes,none
MST-0422,College Board,AP Microeconomics: Full-Syllabus Teaching,,United States,en,unresolved,unknown,,unverified-needs-official-check,,not documented,Knowledge-practice forms use MCQ/MR only; official item formats not reproducible in this format are listed in the exam-version record.,not checked,independent preparation; no affiliation/endorsement,yes,none
MST-0423,College Board,AP Macroeconomics: Full-Syllabus Teaching,,United States,en,unresolved,unknown,,unverified-needs-official-check,,not documented,Knowledge-practice forms use MCQ/MR only; official item formats not reproducible in this format are listed in the exam-version record.,not checked,independent preparation; no affiliation/endorsement,yes,none
MST-0424,College Board,AP Biology: Full-Syllabus Teaching,,United States,en,unresolved,unknown,,unverified-needs-official-check,,not documented,Knowledge-practice forms use MCQ/MR only; official item formats not reproducible in this format are listed in the exam-version record.,not checked,independent preparation; no affiliation/endorsement,yes,none
MST-0425,College Board,AP Chemistry: Full-Syllabus Teaching,,United States,en,unresolved,unknown,,unverified-needs-official-check,,not documented,Knowledge-practice forms use MCQ/MR only; official item formats not reproducible in this format are listed in the exam-version record.,not checked,independent preparation; no affiliation/endorsement,yes,none
MST-0426,Goethe-Institut,Goethe-Zertifikat B2: German Language Preparation,,global,en,unresolved,unknown,,unverified-needs-official-check,,not documented,Official test assesses writing and speaking; MCQ/MR cannot assess productive skills. Mastemy teaches all four skills by video and model-answer analysis but scores only receptive and knowledge items.,not checked,independent preparation; no affiliation/endorsement,yes,none
MST-0427,France Education international,DELF B2: French Language Preparation,DELF B2,global,en,unresolved,unknown,,unverified-needs-official-check,,not documented,Official test assesses writing and speaking; MCQ/MR cannot assess productive skills. Mastemy teaches all four skills by video and model-answer analysis but scores only receptive and knowledge items.,not checked,independent preparation; no affiliation/endorsement,no,none
MST-0428,Instituto Cervantes,DELE B2: Spanish Language Preparation,,global,en,unresolved,unknown,,unverified-needs-official-check,,not documented,Official test assesses writing and speaking; MCQ/MR cannot assess productive skills. Mastemy teaches all four skills by video and model-answer analysis but scores only receptive and knowledge items.,not checked,independent preparation; no affiliation/endorsement,yes,none
MST-0429,JLPT administrators,JLPT N2: Japanese Language Preparation,JLPT N2,global,en,unresolved,unknown,,unverified-needs-official-check,,not documented,Knowledge-practice forms use MCQ/MR only; official item formats not reproducible in this format are listed in the exam-version record.,not checked,independent preparation; no affiliation/endorsement,no,none
MST-0430,NIIED,TOPIK II: Korean Language Preparation,TOPIK II,global,en,unresolved,unknown,,unverified-needs-official-check,,not documented,Knowledge-practice forms use MCQ/MR only; official item formats not reproducible in this format are listed in the exam-version record.,not checked,independent preparation; no affiliation/endorsement,no,none
MST-1129,Adobe,Adobe Premiere Pro: Professional Editing Workflows,,global,en,unresolved,unknown,,unverified-needs-official-check,,not documented,Knowledge-practice forms use MCQ/MR only; official item formats not reproducible in this format are listed in the exam-version record.,not checked,independent preparation; no affiliation/endorsement,yes,none
MST-1130,Adobe,Adobe After Effects: Motion Graphics and Visual Communication,,global,en,unresolved,unknown,,unverified-needs-official-check,,not documented,Knowledge-practice forms use MCQ/MR only; official item formats not reproducible in this format are listed in the exam-version record.,not checked,independent preparation; no affiliation/endorsement,yes,none
MST-1131,Adobe,Adobe Photoshop: Professional Image Editing,,global,en,unresolved,unknown,,unverified-needs-official-check,,not documented,Knowledge-practice forms use MCQ/MR only; official item formats not reproducible in this format are listed in the exam-version record.,not checked,independent preparation; no affiliation/endorsement,yes,none
MST-1132,Adobe,Adobe Illustrator: Vector Design and Brand Assets,,global,en,unresolved,unknown,,unverified-needs-official-check,,not documented,Knowledge-practice forms use MCQ/MR only; official item formats not reproducible in this format are listed in the exam-version record.,not checked,independent preparation; no affiliation/endorsement,yes,none
MST-1133,Adobe,Adobe InDesign: Editorial Layout and Publication Design,,global,en,unresolved,unknown,,unverified-needs-official-check,,not documented,Knowledge-practice forms use MCQ/MR only; official item formats not reproducible in this format are listed in the exam-version record.,not checked,independent preparation; no affiliation/endorsement,yes,none
MST-1153,Autodesk,AutoCAD: Technical Drawing and Documentation,,global,en,unresolved,unknown,,unverified-needs-official-check,,not documented,Knowledge-practice forms use MCQ/MR only; official item formats not reproducible in this format are listed in the exam-version record.,not checked,independent preparation; no affiliation/endorsement,yes,none
MST-1155,Dassault Systemes,SolidWorks: Mechanical Design Foundations,CSWA,global,en,unresolved,unknown,,unverified-needs-official-check,,not documented,Knowledge-practice forms use MCQ/MR only; official item formats not reproducible in this format are listed in the exam-version record.,not checked,independent preparation; no affiliation/endorsement,no,none
MST-1221,PeopleCert,ITIL Foundation Version 5: Independent Knowledge Preparation,,global,en,unresolved,unknown,,unverified-needs-official-check,,not documented,Knowledge-practice forms use MCQ/MR only; official item formats not reproducible in this format are listed in the exam-version record.,not checked,independent preparation; no affiliation/endorsement,yes,none
MST-1222,PeopleCert,ITIL Product Version 5: Independent Knowledge Preparation,,global,en,unresolved,unknown,,unverified-needs-official-check,,not documented,Knowledge-practice forms use MCQ/MR only; official item formats not reproducible in this format are listed in the exam-version record.,not checked,independent preparation; no affiliation/endorsement,yes,none
MST-1223,PeopleCert,ITIL Service Version 5: Independent Knowledge Preparation,,global,en,unresolved,unknown,,unverified-needs-official-check,,not documented,Knowledge-practice forms use MCQ/MR only; official item formats not reproducible in this format are listed in the exam-version record.,not checked,independent preparation; no affiliation/endorsement,yes,none
MST-1224,PeopleCert,ITIL Experience Version 5: Independent Knowledge Preparation,,global,en,unresolved,unknown,,unverified-needs-official-check,,not documented,Knowledge-practice forms use MCQ/MR only; official item formats not reproducible in this format are listed in the exam-version record.,not checked,independent preparation; no affiliation/endorsement,yes,none
MST-1225,PeopleCert,ITIL Strategy Version 5: Independent Knowledge Preparation,,global,en,unresolved,unknown,,unverified-needs-official-check,,not documented,Knowledge-practice forms use MCQ/MR only; official item formats not reproducible in this format are listed in the exam-version record.,not checked,independent preparation; no affiliation/endorsement,yes,none
MST-1226,PeopleCert,ITIL Transformation Version 5: Independent Knowledge Preparation,,global,en,unresolved,unknown,,unverified-needs-official-check,,not documented,Knowledge-practice forms use MCQ/MR only; official item formats not reproducible in this format are listed in the exam-version record.,not checked,independent preparation; no affiliation/endorsement,yes,none
MST-1227,PeopleCert,ITIL AI Governance Version 5: Independent Knowledge Preparation,,global,en,unresolved,unknown,,unverified-needs-official-check,,not documented,Knowledge-practice forms use MCQ/MR only; official item formats not reproducible in this format are listed in the exam-version record.,not checked,independent preparation; no affiliation/endorsement,yes,none
MST-1228,ServiceNow,ServiceNow Certified System Administrator: CSA,CSA,global,en,unresolved,unknown,,unverified-needs-official-check,,not documented,Knowledge-practice forms use MCQ/MR only; official item formats not reproducible in this format are listed in the exam-version record.,not checked,independent preparation; no affiliation/endorsement,no,none
MST-1229,ServiceNow,ServiceNow Certified Application Developer: CAD,CAD,global,en,unresolved,unknown,,unverified-needs-official-check,,not documented,Knowledge-practice forms use MCQ/MR only; official item formats not reproducible in this format are listed in the exam-version record.,not checked,independent preparation; no affiliation/endorsement,no,none
MST-1230,ServiceNow,ServiceNow CIS: IT Service Management,CIS-ITSM,global,en,unresolved,unknown,,unverified-needs-official-check,,not documented,Knowledge-practice forms use MCQ/MR only; official item formats not reproducible in this format are listed in the exam-version record.,not checked,independent preparation; no affiliation/endorsement,no,none
MST-1231,ServiceNow,ServiceNow CIS: Human Resources,,global,en,unresolved,unknown,,unverified-needs-official-check,,not documented,Knowledge-practice forms use MCQ/MR only; official item formats not reproducible in this format are listed in the exam-version record.,not checked,independent preparation; no affiliation/endorsement,yes,none
MST-1232,ServiceNow,ServiceNow CIS: Discovery,,global,en,unresolved,unknown,,unverified-needs-official-check,,not documented,Knowledge-practice forms use MCQ/MR only; official item formats not reproducible in this format are listed in the exam-version record.,not checked,independent preparation; no affiliation/endorsement,yes,none
MST-1233,ServiceNow,ServiceNow CIS: Customer Service Management,,global,en,unresolved,unknown,,unverified-needs-official-check,,not documented,Knowledge-practice forms use MCQ/MR only; official item formats not reproducible in this format are listed in the exam-version record.,not checked,independent preparation; no affiliation/endorsement,yes,none
MST-1234,ServiceNow,ServiceNow CIS: Risk and Compliance,,jurisdiction-specific: set per course version,en,unresolved,unknown,,unverified-needs-official-check,,not documented,Knowledge-practice forms use MCQ/MR only; official item formats not reproducible in this format are listed in the exam-version record.,not checked,independent preparation; no affiliation/endorsement,yes,none
MST-1235,Oracle,Oracle Cloud Infrastructure Architect Associate: Current-Version Preparation,,global,en,unresolved,unknown,,unverified-needs-official-check,,not documented,Knowledge-practice forms use MCQ/MR only; official item formats not reproducible in this format are listed in the exam-version record.,not checked,independent preparation; no affiliation/endorsement,yes,none
MST-1236,Oracle,Oracle Cloud Infrastructure Architect Professional: Current-Version Preparation,,global,en,unresolved,unknown,,unverified-needs-official-check,,not documented,Knowledge-practice forms use MCQ/MR only; official item formats not reproducible in this format are listed in the exam-version record.,not checked,independent preparation; no affiliation/endorsement,yes,none
MST-1237,Oracle,Oracle Cloud Infrastructure AI Foundations Associate: Current-Version Preparation,,global,en,unresolved,unknown,,unverified-needs-official-check,,not documented,Knowledge-practice forms use MCQ/MR only; official item formats not reproducible in this format are listed in the exam-version record.,not checked,independent preparation; no affiliation/endorsement,yes,none
MST-1238,Oracle,Oracle Database SQL: Certification-Track Knowledge Preparation,1Z0-071,global,en,unresolved,unknown,,unverified-needs-official-check,,not documented,Knowledge-practice forms use MCQ/MR only; official item formats not reproducible in this format are listed in the exam-version record.,not checked,independent preparation; no affiliation/endorsement,yes,none
MST-1239,Oracle,Oracle Database Administration: Certification-Track Knowledge Preparation,,global,en,unresolved,unknown,,unverified-needs-official-check,,not documented,Knowledge-practice forms use MCQ/MR only; official item formats not reproducible in this format are listed in the exam-version record.,not checked,independent preparation; no affiliation/endorsement,yes,none
MST-1240,Oracle,Oracle Java SE Developer Professional: Current-Version Preparation,1Z0-830,global,en,unresolved,unknown,,unverified-needs-official-check,,not documented,Knowledge-practice forms use MCQ/MR only; official item formats not reproducible in this format are listed in the exam-version record.,not checked,independent preparation; no affiliation/endorsement,yes,none
MST-1241,SAP,SAP S/4HANA Financial Accounting: Certification-Track Preparation,,global,en,unresolved,unknown,,unverified-needs-official-check,,not documented,Knowledge-practice forms use MCQ/MR only; official item formats not reproducible in this format are listed in the exam-version record.,not checked,independent preparation; no affiliation/endorsement,yes,none
MST-1242,SAP,SAP S/4HANA Management Accounting: Certification-Track Preparation,,global,en,unresolved,unknown,,unverified-needs-official-check,,not documented,Knowledge-practice forms use MCQ/MR only; official item formats not reproducible in this format are listed in the exam-version record.,not checked,independent preparation; no affiliation/endorsement,yes,none
MST-1243,SAP,SAP S/4HANA Sourcing and Procurement: Certification-Track Preparation,,global,en,unresolved,unknown,,unverified-needs-official-check,,not documented,Knowledge-practice forms use MCQ/MR only; official item formats not reproducible in this format are listed in the exam-version record.,not checked,independent preparation; no affiliation/endorsement,yes,none
MST-1244,SAP,SAP S/4HANA Sales: Certification-Track Preparation,,global,en,unresolved,unknown,,unverified-needs-official-check,,not documented,Knowledge-practice forms use MCQ/MR only; official item formats not reproducible in this format are listed in the exam-version record.,not checked,independent preparation; no affiliation/endorsement,yes,none
MST-1245,SAP,SAP S/4HANA Production Planning: Certification-Track Preparation,,global,en,unresolved,unknown,,unverified-needs-official-check,,not documented,Knowledge-practice forms use MCQ/MR only; official item formats not reproducible in this format are listed in the exam-version record.,not checked,independent preparation; no affiliation/endorsement,yes,none
MST-1246,SAP,SAP SuccessFactors Employee Central: Certification-Track Preparation,,global,en,unresolved,unknown,,unverified-needs-official-check,,not documented,Knowledge-practice forms use MCQ/MR only; official item formats not reproducible in this format are listed in the exam-version record.,not checked,independent preparation; no affiliation/endorsement,yes,none
MST-1247,SAP,SAP Integration Suite: Certification-Track Preparation,,global,en,unresolved,unknown,,unverified-needs-official-check,,not documented,Knowledge-practice forms use MCQ/MR only; official item formats not reproducible in this format are listed in the exam-version record.,not checked,independent preparation; no affiliation/endorsement,yes,none
MST-1248,SAP,SAP Analytics Cloud: Certification-Track Preparation,,global,en,unresolved,unknown,,unverified-needs-official-check,,not documented,Knowledge-practice forms use MCQ/MR only; official item formats not reproducible in this format are listed in the exam-version record.,not checked,independent preparation; no affiliation/endorsement,yes,none
MST-1249,ISTQB,ISTQB Certified Tester Foundation Level,,global,en,unresolved,unknown,,unverified-needs-official-check,,not documented,Knowledge-practice forms use MCQ/MR only; official item formats not reproducible in this format are listed in the exam-version record.,not checked,independent preparation; no affiliation/endorsement,yes,none
MST-1250,ISTQB,ISTQB Advanced Level Test Analyst,,global,en,unresolved,unknown,,unverified-needs-official-check,,not documented,Knowledge-practice forms use MCQ/MR only; official item formats not reproducible in this format are listed in the exam-version record.,not checked,independent preparation; no affiliation/endorsement,yes,none
MST-1251,ISTQB,ISTQB Advanced Level Technical Test Analyst,,global,en,unresolved,unknown,,unverified-needs-official-check,,not documented,Knowledge-practice forms use MCQ/MR only; official item formats not reproducible in this format are listed in the exam-version record.,not checked,independent preparation; no affiliation/endorsement,yes,none
MST-1252,ISTQB,ISTQB Advanced Level Test Management,,global,en,unresolved,unknown,,unverified-needs-official-check,,not documented,Knowledge-practice forms use MCQ/MR only; official item formats not reproducible in this format are listed in the exam-version record.,not checked,independent preparation; no affiliation/endorsement,yes,none
MST-1253,The Open Group,TOGAF Enterprise Architecture Foundation,,global,en,unresolved,unknown,,unverified-needs-official-check,,not documented,Knowledge-practice forms use MCQ/MR only; official item formats not reproducible in this format are listed in the exam-version record.,not checked,independent preparation; no affiliation/endorsement,yes,none
MST-1254,The Open Group,TOGAF Enterprise Architecture Practitioner,,global,en,unresolved,unknown,,unverified-needs-official-check,,not documented,Knowledge-practice forms use MCQ/MR only; official item formats not reproducible in this format are listed in the exam-version record.,not checked,independent preparation; no affiliation/endorsement,yes,none
MST-1255,ISACA,ISACA Advanced in AI Audit: AAIA,AAIA,global,en,unresolved,unknown,,unverified-needs-official-check,,not documented,Knowledge-practice forms use MCQ/MR only; official item formats not reproducible in this format are listed in the exam-version record.,not checked,independent preparation; no affiliation/endorsement,no,none
MST-1256,ISACA,ISACA Advanced in AI Security Management: AAISM,AAISM,global,en,unresolved,unknown,,unverified-needs-official-check,,not documented,Knowledge-practice forms use MCQ/MR only; official item formats not reproducible in this format are listed in the exam-version record.,not checked,independent preparation; no affiliation/endorsement,no,none
MST-1257,ISACA,ISACA Advanced in AI Risk: AAIR,,global,en,unresolved,unknown,,unverified-needs-official-check,,not documented,Knowledge-practice forms use MCQ/MR only; official item formats not reproducible in this format are listed in the exam-version record.,not checked,independent preparation; no affiliation/endorsement,yes,none
MST-1258,ISACA,ISACA Certified Cybersecurity Operations Analyst: CCOA,CCOA,global,en,unresolved,unknown,,unverified-needs-official-check,,not documented,Knowledge-practice forms use MCQ/MR only; official item formats not reproducible in this format are listed in the exam-version record.,not checked,independent preparation; no affiliation/endorsement,no,none
MST-1259,ISACA,ISACA COBIT Foundation,,global,en,unresolved,unknown,,unverified-needs-official-check,,not documented,Knowledge-practice forms use MCQ/MR only; official item formats not reproducible in this format are listed in the exam-version record.,not checked,independent preparation; no affiliation/endorsement,yes,none
MST-1260,ISACA,ISACA COBIT Design and Implementation,,global,en,unresolved,unknown,,unverified-needs-official-check,,not documented,Knowledge-practice forms use MCQ/MR only; official item formats not reproducible in this format are listed in the exam-version record.,not checked,independent preparation; no affiliation/endorsement,yes,none
MST-1261,CIPS,CIPS L4M1: Scope and Influence of Procurement and Supply,,global,en,unresolved,unknown,,unverified-needs-official-check,,not documented,CIPS units mix objective and constructed-response formats; written components are not assessed.,not checked,independent preparation; no affiliation/endorsement,yes,none
MST-1262,CIPS,CIPS L4M2: Defining Business Need,,global,en,unresolved,unknown,,unverified-needs-official-check,,not documented,CIPS units mix objective and constructed-response formats; written components are not assessed.,not checked,independent preparation; no affiliation/endorsement,yes,none
MST-1263,CIPS,CIPS L4M3: Commercial Contracting,,global,en,unresolved,unknown,,unverified-needs-official-check,,not documented,CIPS units mix objective and constructed-response formats; written components are not assessed.,not checked,independent preparation; no affiliation/endorsement,yes,none
MST-1264,CIPS,CIPS L4M4: Ethical and Responsible Sourcing,,global,en,unresolved,unknown,,unverified-needs-official-check,,not documented,CIPS units mix objective and constructed-response formats; written components are not assessed.,not checked,independent preparation; no affiliation/endorsement,yes,none
MST-1265,CIPS,CIPS L4M5: Commercial Negotiation,,global,en,unresolved,unknown,,unverified-needs-official-check,,not documented,CIPS units mix objective and constructed-response formats; written components are not assessed.,not checked,independent preparation; no affiliation/endorsement,yes,none
MST-1266,CIPS,CIPS L4M6: Supplier Relationships,,global,en,unresolved,unknown,,unverified-needs-official-check,,not documented,CIPS units mix objective and constructed-response formats; written components are not assessed.,not checked,independent preparation; no affiliation/endorsement,yes,none
MST-1267,CIPS,CIPS L4M7: Whole Life Asset Management,,global,en,unresolved,unknown,,unverified-needs-official-check,,not documented,CIPS units mix objective and constructed-response formats; written components are not assessed.,not checked,independent preparation; no affiliation/endorsement,yes,none
MST-1268,CIPS,CIPS L4M8: Procurement and Supply in Practice,,global,en,unresolved,unknown,,unverified-needs-official-check,,not documented,CIPS units mix objective and constructed-response formats; written components are not assessed.,not checked,independent preparation; no affiliation/endorsement,yes,none
MST-1269,NCARB,NCARB ARE: Practice Management,,United States,en,unresolved,unknown,,unverified-needs-official-check,,not documented,Knowledge-practice forms use MCQ/MR only; official item formats not reproducible in this format are listed in the exam-version record.,not checked,independent preparation; no affiliation/endorsement,yes,none
MST-1270,NCARB,NCARB ARE: Project Management,,United States,en,unresolved,unknown,,unverified-needs-official-check,,not documented,Knowledge-practice forms use MCQ/MR only; official item formats not reproducible in this format are listed in the exam-version record.,not checked,independent preparation; no affiliation/endorsement,yes,none
MST-1271,NCARB,NCARB ARE: Programming and Analysis,,United States,en,unresolved,unknown,,unverified-needs-official-check,,not documented,Knowledge-practice forms use MCQ/MR only; official item formats not reproducible in this format are listed in the exam-version record.,not checked,independent preparation; no affiliation/endorsement,yes,none
MST-1272,NCARB,NCARB ARE: Project Planning and Design,,United States,en,unresolved,unknown,,unverified-needs-official-check,,not documented,Knowledge-practice forms use MCQ/MR only; official item formats not reproducible in this format are listed in the exam-version record.,not checked,independent preparation; no affiliation/endorsement,yes,none
MST-1273,NCARB,NCARB ARE: Project Development and Documentation,,United States,en,unresolved,unknown,,unverified-needs-official-check,,not documented,Knowledge-practice forms use MCQ/MR only; official item formats not reproducible in this format are listed in the exam-version record.,not checked,independent preparation; no affiliation/endorsement,yes,none
MST-1274,NCARB,NCARB ARE: Construction and Evaluation,,United States,en,unresolved,unknown,,unverified-needs-official-check,,not documented,Knowledge-practice forms use MCQ/MR only; official item formats not reproducible in this format are listed in the exam-version record.,not checked,independent preparation; no affiliation/endorsement,yes,none
MST-1275,NCBE,US Multistate Bar Examination: Comprehensive Knowledge Preparation,,United States,en,unresolved,unknown,,unverified-needs-official-check,,not documented,Written components are not assessed by MCQ/MR; model-answer analysis is shown by video only.,not checked,independent preparation; no affiliation/endorsement,yes,none
MST-1276,NCBE,US Multistate Professional Responsibility Examination: MPRE,,United States,en,unresolved,unknown,,unverified-needs-official-check,,not documented,Knowledge-practice forms use MCQ/MR only; official item formats not reproducible in this format are listed in the exam-version record.,not checked,independent preparation; no affiliation/endorsement,yes,none
MST-1277,NCBE,Uniform Bar Examination: Written-Component Knowledge and Model-Answer Analysis,,United States,en,unresolved,unknown,,unverified-needs-official-check,,not documented,Written components are not assessed by MCQ/MR; model-answer analysis is shown by video only.,not checked,independent preparation; no affiliation/endorsement,yes,none
MST-1278,NCBE,NextGen Bar Examination: Integrated Knowledge and Task-Analysis Preparation,,United States,en,unresolved,unknown,,unverified-needs-official-check,,not documented,Written components are not assessed by MCQ/MR; model-answer analysis is shown by video only.,not checked,independent preparation; no affiliation/endorsement,yes,none
MST-1279,NASM,NASM Certified Personal Trainer: Knowledge Preparation,,global,en,unresolved,unknown,,unverified-needs-official-check,,not documented,Knowledge-practice forms use MCQ/MR only; official item formats not reproducible in this format are listed in the exam-version record.,not checked,independent preparation; no affiliation/endorsement,yes,none
MST-1280,ACE,ACE Certified Personal Trainer: Knowledge Preparation,,global,en,unresolved,unknown,,unverified-needs-official-check,,not documented,Knowledge-practice forms use MCQ/MR only; official item formats not reproducible in this format are listed in the exam-version record.,not checked,independent preparation; no affiliation/endorsement,yes,none
MST-1281,ACSM,ACSM Certified Exercise Physiologist: Knowledge Preparation,,global,en,unresolved,unknown,,unverified-needs-official-check,,not documented,Knowledge-practice forms use MCQ/MR only; official item formats not reproducible in this format are listed in the exam-version record.,not checked,independent preparation; no affiliation/endorsement,yes,none
MST-1282,NSCA,NSCA Certified Strength and Conditioning Specialist: Knowledge Preparation,,global,en,unresolved,unknown,,unverified-needs-official-check,,not documented,Knowledge-practice forms use MCQ/MR only; official item formats not reproducible in this format are listed in the exam-version record.,not checked,independent preparation; no affiliation/endorsement,yes,none
MST-1283,CBIC,CBIC Certification in Infection Prevention and Control: CIC,,United States,en,unresolved,unknown,,unverified-needs-official-check,,not documented,Knowledge-practice forms use MCQ/MR only; official item formats not reproducible in this format are listed in the exam-version record.,not checked,independent preparation; no affiliation/endorsement,yes,none
MST-1284,ANCC,ANCC Family Nurse Practitioner Certification: Knowledge Preparation,,United States,en,unresolved,unknown,,unverified-needs-official-check,,not documented,Knowledge-practice forms use MCQ/MR only; official item formats not reproducible in this format are listed in the exam-version record.,not checked,independent preparation; no affiliation/endorsement,yes,none
MST-1285,AANPCB,AANPCB Family Nurse Practitioner Certification: Knowledge Preparation,FNP,United States,en,unresolved,unknown,,unverified-needs-official-check,,not documented,Knowledge-practice forms use MCQ/MR only; official item formats not reproducible in this format are listed in the exam-version record.,not checked,independent preparation; no affiliation/endorsement,no,none
MST-1286,AACN,AACN CCRN Adult: Critical Care Nursing Knowledge Preparation,CCRN,United States,en,unresolved,unknown,,unverified-needs-official-check,,not documented,Knowledge-practice forms use MCQ/MR only; official item formats not reproducible in this format are listed in the exam-version record.,not checked,independent preparation; no affiliation/endorsement,no,none
MST-1287,ANCC,ANCC Medical-Surgical Nursing Certification: Knowledge Preparation,,United States,en,unresolved,unknown,,unverified-needs-official-check,,not documented,Knowledge-practice forms use MCQ/MR only; official item formats not reproducible in this format are listed in the exam-version record.,not checked,independent preparation; no affiliation/endorsement,yes,none
MST-1288,ONCC,ONCC Oncology Certified Nurse: OCN Knowledge Preparation,,United States,en,unresolved,unknown,,unverified-needs-official-check,,not documented,Knowledge-practice forms use MCQ/MR only; official item formats not reproducible in this format are listed in the exam-version record.,not checked,independent preparation; no affiliation/endorsement,yes,none
MST-1289,CCI,CCI Registered Cardiovascular Invasive Specialist: RCIS,,United States,en,unresolved,unknown,,unverified-needs-official-check,,not documented,Knowledge-practice forms use MCQ/MR only; official item formats not reproducible in this format are listed in the exam-version record.,not checked,independent preparation; no affiliation/endorsement,yes,none
MST-1290,ASIS,ASIS Certified Protection Professional: CPP,,global,en,unresolved,unknown,,unverified-needs-official-check,,not documented,Knowledge-practice forms use MCQ/MR only; official item formats not reproducible in this format are listed in the exam-version record.,not checked,independent preparation; no affiliation/endorsement,yes,none
MST-1291,ASIS,ASIS Physical Security Professional: PSP,,global,en,unresolved,unknown,,unverified-needs-official-check,,not documented,Knowledge-practice forms use MCQ/MR only; official item formats not reproducible in this format are listed in the exam-version record.,not checked,independent preparation; no affiliation/endorsement,yes,none
MST-1292,ASIS,ASIS Professional Certified Investigator: PCI,,global,en,unresolved,unknown,,unverified-needs-official-check,,not documented,Knowledge-practice forms use MCQ/MR only; official item formats not reproducible in this format are listed in the exam-version record.,not checked,independent preparation; no affiliation/endorsement,yes,none
MST-1293,BICSI,BICSI Registered Communications Distribution Designer: RCDD,,global,en,unresolved,unknown,,unverified-needs-official-check,,not documented,Knowledge-practice forms use MCQ/MR only; official item formats not reproducible in this format are listed in the exam-version record.,not checked,independent preparation; no affiliation/endorsement,yes,none
MST-1294,GBCI,GBCI LEED Green Associate,LEED GA,global,en,unresolved,unknown,,unverified-needs-official-check,,not documented,Knowledge-practice forms use MCQ/MR only; official item formats not reproducible in this format are listed in the exam-version record.,not checked,independent preparation; no affiliation/endorsement,no,none
MST-1295,GBCI,GBCI LEED AP Building Design and Construction,,global,en,unresolved,unknown,,unverified-needs-official-check,,not documented,Knowledge-practice forms use MCQ/MR only; official item formats not reproducible in this format are listed in the exam-version record.,not checked,independent preparation; no affiliation/endorsement,yes,none
MST-1296,GBCI,GBCI LEED AP Operations and Maintenance,,global,en,unresolved,unknown,,unverified-needs-official-check,,not documented,Knowledge-practice forms use MCQ/MR only; official item formats not reproducible in this format are listed in the exam-version record.,not checked,independent preparation; no affiliation/endorsement,yes,none
MST-1297,IWBI,WELL Accredited Professional: WELL AP,,global,en,unresolved,unknown,,unverified-needs-official-check,,not documented,Knowledge-practice forms use MCQ/MR only; official item formats not reproducible in this format are listed in the exam-version record.,not checked,independent preparation; no affiliation/endorsement,yes,none
MST-1298,NCMA,NCMA Certified Federal Contract Manager: CFCM,,United States,en,unresolved,unknown,,unverified-needs-official-check,,not documented,Knowledge-practice forms use MCQ/MR only; official item formats not reproducible in this format are listed in the exam-version record.,not checked,independent preparation; no affiliation/endorsement,yes,none
MST-1299,NCMA,NCMA Certified Professional Contract Manager: CPCM,,United States,en,unresolved,unknown,,unverified-needs-official-check,,not documented,Knowledge-practice forms use MCQ/MR only; official item formats not reproducible in this format are listed in the exam-version record.,not checked,independent preparation; no affiliation/endorsement,yes,none
MST-1300,NCMA,NCMA Certified Commercial Contract Manager: CCCM,,United States,en,unresolved,unknown,,unverified-needs-official-check,,not documented,Knowledge-practice forms use MCQ/MR only; official item formats not reproducible in this format are listed in the exam-version record.,not checked,independent preparation; no affiliation/endorsement,yes,none
MST-1301,NVIDIA,NVIDIA-Certified Associate: Generative AI LLMs Exam Prep,NCA-GENL,global,en,unresolved,unknown,,unverified-needs-official-check,,not documented,Knowledge-practice forms use MCQ/MR only; official item formats not reproducible in this format are listed in the exam-version record.,not checked,independent preparation; no affiliation/endorsement,no,none
MST-1302,NVIDIA,NVIDIA-Certified Associate: AI Infrastructure and Operations Exam Prep,NCA-AIIO,global,en,unresolved,unknown,,unverified-needs-official-check,,not documented,Knowledge-practice forms use MCQ/MR only; official item formats not reproducible in this format are listed in the exam-version record.,not checked,independent preparation; no affiliation/endorsement,no,none
MST-1303,Various accredited bodies,ISO/IEC 42001 AI Management System Foundation Prep,,global,en,unresolved,unknown,,unverified-needs-official-check,,not documented,Knowledge-practice forms use MCQ/MR only; official item formats not reproducible in this format are listed in the exam-version record.,not checked,independent preparation; no affiliation/endorsement,yes,none
MST-1413,Microsoft,Microsoft Azure AI Fundamentals (AI-901) Exam Prep,AI-901,global,en,Skills measured as of 2026-04-15 (AI-900 retired 2026-06-30),current,https://learn.microsoft.com/en-us/credentials/certifications/resources/study-guides/ai-901,verified-official-source,2026-10-02,see course package,Knowledge-practice forms use MCQ/MR only; official item formats not reproducible in this format are listed in the exam-version record.,not checked,independent preparation; no affiliation/endorsement,no,none
MST-1414,Microsoft,Microsoft Copilot & Agent Administration Fundamentals (AB-900) Exam Prep,AB-900,global,en,unresolved,unknown,,unverified-needs-official-check,,not documented,Knowledge-practice forms use MCQ/MR only; official item formats not reproducible in this format are listed in the exam-version record.,not checked,independent preparation; no affiliation/endorsement,no,none
MST-1415,Microsoft,Azure AI App & Agent Developer (AI-103) Exam Prep,AI-103,global,en,Skills measured as of 2026-04-16,current,https://learn.microsoft.com/en-us/credentials/certifications/resources/study-guides/ai-103,verified-official-source,2026-10-02,see course package,Knowledge-practice forms use MCQ/MR only; official item formats not reproducible in this format are listed in the exam-version record.,not checked,independent preparation; no affiliation/endorsement,no,none
MST-1416,Microsoft,Microsoft AI-200 Developer Exam Prep (successor to AZ-204),AI-200,global,en,unresolved,unknown,,unverified-needs-official-check,,not documented,Knowledge-practice forms use MCQ/MR only; official item formats not reproducible in this format are listed in the exam-version record.,not checked,independent preparation; no affiliation/endorsement,no,none
MST-1417,Microsoft,Microsoft AI-300 Exam Prep (successor to DP-100),AI-300,global,en,unresolved,unknown,,unverified-needs-official-check,,not documented,Knowledge-practice forms use MCQ/MR only; official item formats not reproducible in this format are listed in the exam-version record.,not checked,independent preparation; no affiliation/endorsement,no,none
MST-1418,Microsoft,Dynamics 365 Sales Functional Consultant (MB-210) Exam Prep,MB-210,global,en,unresolved,current,,verified-official-source,2026-10-02,see course package,Knowledge-practice forms use MCQ/MR only; official item formats not reproducible in this format are listed in the exam-version record.,not checked,independent preparation; no affiliation/endorsement,no,none
MST-1419,Microsoft,Dynamics 365 Customer Insights - Journeys Functional Consultant (MB-220) Exam Prep,MB-220,global,en,unresolved,current,,verified-official-source,2026-10-02,see course package,Knowledge-practice forms use MCQ/MR only; official item formats not reproducible in this format are listed in the exam-version record.,not checked,independent preparation; no affiliation/endorsement,no,none
MST-1420,Microsoft,Dynamics 365 Customer Service Functional Consultant (MB-230) Exam Prep,MB-230,global,en,unresolved,current,,verified-official-source,2026-10-02,see course package,Knowledge-practice forms use MCQ/MR only; official item formats not reproducible in this format are listed in the exam-version record.,not checked,independent preparation; no affiliation/endorsement,no,none
MST-1421,Microsoft,Dynamics 365 Finance and Operations Apps Developer (MB-500) Exam Prep,MB-500,global,en,unresolved,current,,verified-official-source,2026-10-02,see course package,Knowledge-practice forms use MCQ/MR only; official item formats not reproducible in this format are listed in the exam-version record.,not checked,independent preparation; no affiliation/endorsement,no,none
MST-1422,Microsoft,Dynamics 365 Business Central Developer (MB-820) Exam Prep,MB-820,global,en,unresolved,current,,verified-official-source,2026-10-02,see course package,Knowledge-practice forms use MCQ/MR only; official item formats not reproducible in this format are listed in the exam-version record.,not checked,independent preparation; no affiliation/endorsement,no,none
MST-1509,OpenEDG Python Institute,Python Institute PCEP Certified Entry-Level Python Programmer Exam Prep,PCEP-30-02,global,en,unresolved,unknown,,unverified-needs-official-check,,not documented,Knowledge-practice forms use MCQ/MR only; official item formats not reproducible in this format are listed in the exam-version record.,not checked,independent preparation; no affiliation/endorsement,no,none
MST-1510,OpenEDG Python Institute,Python Institute PCAP Certified Associate in Python Programming Exam Prep,PCAP-31-03,global,en,unresolved,unknown,,unverified-needs-official-check,,not documented,Knowledge-practice forms use MCQ/MR only; official item formats not reproducible in this format are listed in the exam-version record.,not checked,independent preparation; no affiliation/endorsement,no,none
MST-1511,Linux Foundation / CNCF,Kubernetes and Cloud Native Associate (KCNA) Exam Prep,KCNA,global,en,unresolved,unknown,,unverified-needs-official-check,,not documented,Knowledge-practice forms use MCQ/MR only; official item formats not reproducible in this format are listed in the exam-version record.,not checked,independent preparation; no affiliation/endorsement,no,none
MST-1512,Linux Foundation / CNCF,Kubernetes and Cloud Native Security Associate (KCSA) Exam Prep,KCSA,global,en,unresolved,unknown,,unverified-needs-official-check,,not documented,Knowledge-practice forms use MCQ/MR only; official item formats not reproducible in this format are listed in the exam-version record.,not checked,independent preparation; no affiliation/endorsement,no,none
MST-1513,Linux Foundation / CNCF,Certified Kubernetes Administrator (CKA) Knowledge Prep,CKA,global,en,unresolved,unknown,,unverified-needs-official-check,,not documented,Official exam is performance-based (hands-on); Mastemy offers knowledge preparation and video demonstrations only.,not checked,independent preparation; no affiliation/endorsement,no,none
MST-1514,Linux Foundation / CNCF,Certified Kubernetes Application Developer (CKAD) Knowledge Prep,CKAD,global,en,unresolved,unknown,,unverified-needs-official-check,,not documented,Official exam is performance-based (hands-on); Mastemy offers knowledge preparation and video demonstrations only.,not checked,independent preparation; no affiliation/endorsement,no,none
MST-1515,Linux Foundation / CNCF,Certified Kubernetes Security Specialist (CKS) Knowledge Prep,CKS,global,en,unresolved,unknown,,unverified-needs-official-check,,not documented,Official exam is performance-based (hands-on); Mastemy offers knowledge preparation and video demonstrations only.,not checked,independent preparation; no affiliation/endorsement,no,none
MST-1516,Linux Foundation / CNCF,Prometheus Certified Associate (PCA) Exam Prep,PCA,global,en,unresolved,unknown,,unverified-needs-official-check,,not documented,Knowledge-practice forms use MCQ/MR only; official item formats not reproducible in this format are listed in the exam-version record.,not checked,independent preparation; no affiliation/endorsement,no,none
MST-1517,Red Hat,Red Hat Certified Specialist in Containers (EX188) Knowledge Prep,EX188,global,en,unresolved,unknown,,unverified-needs-official-check,,not documented,Official exam is performance-based (hands-on); Mastemy offers knowledge preparation and video demonstrations only.,not checked,independent preparation; no affiliation/endorsement,no,none
MST-1518,Salesforce,Salesforce Certified Platform Developer I Exam Prep,,global,en,unresolved,unknown,,unverified-needs-official-check,,not documented,Knowledge-practice forms use MCQ/MR only; official item formats not reproducible in this format are listed in the exam-version record.,not checked,independent preparation; no affiliation/endorsement,yes,none
MST-1519,Salesforce,Salesforce Certified JavaScript Developer I Exam Prep,,global,en,unresolved,unknown,,unverified-needs-official-check,,not documented,Knowledge-practice forms use MCQ/MR only; official item formats not reproducible in this format are listed in the exam-version record.,not checked,independent preparation; no affiliation/endorsement,yes,none
MST-1601,Databricks,Databricks Certified Data Analyst Associate Exam Prep,,global,en,unresolved,unknown,,unverified-needs-official-check,,not documented,Knowledge-practice forms use MCQ/MR only; official item formats not reproducible in this format are listed in the exam-version record.,not checked,independent preparation; no affiliation/endorsement,yes,none
MST-1602,Databricks,Databricks Certified Associate Developer for Apache Spark Exam Prep,,global,en,unresolved,unknown,,unverified-needs-official-check,,not documented,Knowledge-practice forms use MCQ/MR only; official item formats not reproducible in this format are listed in the exam-version record.,not checked,independent preparation; no affiliation/endorsement,yes,none
MST-1603,Tableau,Tableau Desktop Foundations / Specialist Exam Prep,,global,en,unresolved,unknown,,unverified-needs-official-check,,not documented,Knowledge-practice forms use MCQ/MR only; official item formats not reproducible in this format are listed in the exam-version record.,not checked,independent preparation; no affiliation/endorsement,yes,none
MST-1604,CompTIA,CompTIA DataX Exam Prep,,global,en,unresolved,unknown,,unverified-needs-official-check,,not documented,Knowledge-practice forms use MCQ/MR only; official item formats not reproducible in this format are listed in the exam-version record.,not checked,independent preparation; no affiliation/endorsement,yes,none
MST-1642,CompTIA,CompTIA Tech+ Exam Prep,FC0-U71,global,en,unresolved,unknown,,unverified-needs-official-check,,not documented,Knowledge-practice forms use MCQ/MR only; official item formats not reproducible in this format are listed in the exam-version record.,not checked,independent preparation; no affiliation/endorsement,no,none
MST-1643,ISC2,ISC2 CISSP-ISSAP Concentration Exam Prep,ISSAP,global,en,unresolved,unknown,,unverified-needs-official-check,,not documented,Knowledge-practice forms use MCQ/MR only; official item formats not reproducible in this format are listed in the exam-version record.,not checked,independent preparation; no affiliation/endorsement,no,none
MST-1644,ISC2,ISC2 CISSP-ISSEP Concentration Exam Prep,ISSEP,global,en,unresolved,unknown,,unverified-needs-official-check,,not documented,Knowledge-practice forms use MCQ/MR only; official item formats not reproducible in this format are listed in the exam-version record.,not checked,independent preparation; no affiliation/endorsement,no,none
MST-1645,ISC2,ISC2 CISSP-ISSMP Concentration Exam Prep,ISSMP,global,en,unresolved,unknown,,unverified-needs-official-check,,not documented,Knowledge-practice forms use MCQ/MR only; official item formats not reproducible in this format are listed in the exam-version record.,not checked,independent preparation; no affiliation/endorsement,no,none
MST-1646,ISACA,ISACA IT Audit Fundamentals Certificate Prep,,global,en,unresolved,unknown,,unverified-needs-official-check,,not documented,Knowledge-practice forms use MCQ/MR only; official item formats not reproducible in this format are listed in the exam-version record.,not checked,independent preparation; no affiliation/endorsement,yes,none
MST-1647,Cisco,Cisco Certified Support Technician (CCST) Networking Exam Prep,,global,en,unresolved,unknown,,unverified-needs-official-check,,not documented,Knowledge-practice forms use MCQ/MR only; official item formats not reproducible in this format are listed in the exam-version record.,not checked,independent preparation; no affiliation/endorsement,yes,none
MST-1648,Cisco,Cisco Certified Support Technician (CCST) Cybersecurity Exam Prep,,global,en,unresolved,unknown,,unverified-needs-official-check,,not documented,Knowledge-practice forms use MCQ/MR only; official item formats not reproducible in this format are listed in the exam-version record.,not checked,independent preparation; no affiliation/endorsement,yes,none
MST-1649,Cisco,Cisco CyberOps Associate (CBROPS 200-201) Exam Prep,200-201,global,en,unresolved,unknown,,unverified-needs-official-check,,not documented,Knowledge-practice forms use MCQ/MR only; official item formats not reproducible in this format are listed in the exam-version record.,not checked,independent preparation; no affiliation/endorsement,no,none
MST-1650,Cisco,Cisco Automation Core (CCNP Automation) Exam Prep,,global,en,unresolved,unknown,,unverified-needs-official-check,,not documented,Knowledge-practice forms use MCQ/MR only; official item formats not reproducible in this format are listed in the exam-version record.,not checked,independent preparation; no affiliation/endorsement,yes,none
MST-1651,ServiceNow,ServiceNow Certified Implementation Specialist - HR Service Delivery Exam Prep,CIS-HR,global,en,unresolved,unknown,,unverified-needs-official-check,,not documented,Knowledge-practice forms use MCQ/MR only; official item formats not reproducible in this format are listed in the exam-version record.,not checked,independent preparation; no affiliation/endorsement,no,none
MST-1737,PeopleCert,"ITIL 4 Specialist: Create, Deliver and Support Exam Prep",ITIL 4 CDS,global,en,unresolved,unknown,,unverified-needs-official-check,,not documented,Knowledge-practice forms use MCQ/MR only; official item formats not reproducible in this format are listed in the exam-version record.,not checked,independent preparation; no affiliation/endorsement,no,none
MST-1738,PeopleCert,ITIL 4 Specialist: Drive Stakeholder Value Exam Prep,ITIL 4 DSV,global,en,unresolved,unknown,,unverified-needs-official-check,,not documented,Knowledge-practice forms use MCQ/MR only; official item formats not reproducible in this format are listed in the exam-version record.,not checked,independent preparation; no affiliation/endorsement,no,none
MST-1739,PeopleCert,ITIL 4 Specialist: High-velocity IT Exam Prep,ITIL 4 HVIT,global,en,unresolved,unknown,,unverified-needs-official-check,,not documented,Knowledge-practice forms use MCQ/MR only; official item formats not reproducible in this format are listed in the exam-version record.,not checked,independent preparation; no affiliation/endorsement,no,none
MST-1740,PeopleCert,"ITIL 4 Strategist: Direct, Plan and Improve Exam Prep",ITIL 4 DPI,global,en,unresolved,unknown,,unverified-needs-official-check,,not documented,Knowledge-practice forms use MCQ/MR only; official item formats not reproducible in this format are listed in the exam-version record.,not checked,independent preparation; no affiliation/endorsement,no,none
MST-1741,Vendor-neutral (body varies),Lean Six Sigma White Belt,,global,en,unresolved,unknown,,unverified-needs-official-check,,not documented,Knowledge-practice forms use MCQ/MR only; official item formats not reproducible in this format are listed in the exam-version record.,not checked,independent preparation; no affiliation/endorsement,yes,none
MST-1762,BCEN,Certified Emergency Nurse (CEN) Exam Prep,CEN,global,en,unresolved,unknown,,unverified-needs-official-check,,not documented,Knowledge-practice forms use MCQ/MR only; official item formats not reproducible in this format are listed in the exam-version record.,not checked,independent preparation; no affiliation/endorsement,no,none
MST-1785,SMRP,SMRP CMRP Exam Prep,CMRP,global,en,unresolved,unknown,,unverified-needs-official-check,,not documented,Knowledge-practice forms use MCQ/MR only; official item formats not reproducible in this format are listed in the exam-version record.,not checked,independent preparation; no affiliation/endorsement,no,none
MST-1811,Salesforce,Salesforce Certified Platform Administrator II (Advanced) Exam Prep,,global,en,unresolved,unknown,,unverified-needs-official-check,,not documented,Knowledge-practice forms use MCQ/MR only; official item formats not reproducible in this format are listed in the exam-version record.,not checked,independent preparation; no affiliation/endorsement,yes,none
MST-1812,Salesforce,Salesforce Certified Platform App Builder Exam Prep,,global,en,unresolved,unknown,,unverified-needs-official-check,,not documented,Knowledge-practice forms use MCQ/MR only; official item formats not reproducible in this format are listed in the exam-version record.,not checked,independent preparation; no affiliation/endorsement,yes,none
MST-1813,Salesforce,Salesforce Certified AI Associate Exam Prep,,global,en,unresolved,unknown,,unverified-needs-official-check,,not documented,Knowledge-practice forms use MCQ/MR only; official item formats not reproducible in this format are listed in the exam-version record.,not checked,independent preparation; no affiliation/endorsement,yes,none
MST-1814,Salesforce,Salesforce Certified Business Analyst Exam Prep,,global,en,unresolved,unknown,,unverified-needs-official-check,,not documented,Knowledge-practice forms use MCQ/MR only; official item formats not reproducible in this format are listed in the exam-version record.,not checked,independent preparation; no affiliation/endorsement,yes,none
MST-1815,Salesforce,Salesforce Certified Marketing Cloud Email Specialist Exam Prep,,global,en,unresolved,unknown,,unverified-needs-official-check,,not documented,Knowledge-practice forms use MCQ/MR only; official item formats not reproducible in this format are listed in the exam-version record.,not checked,independent preparation; no affiliation/endorsement,yes,none
MST-1816,Salesforce,Salesforce Certified Sales Cloud Consultant Exam Prep,,global,en,unresolved,unknown,,unverified-needs-official-check,,not documented,Knowledge-practice forms use MCQ/MR only; official item formats not reproducible in this format are listed in the exam-version record.,not checked,independent preparation; no affiliation/endorsement,yes,none
MST-1817,Salesforce,Salesforce Certified Service Cloud Consultant Exam Prep,,global,en,unresolved,unknown,,unverified-needs-official-check,,not documented,Knowledge-practice forms use MCQ/MR only; official item formats not reproducible in this format are listed in the exam-version record.,not checked,independent preparation; no affiliation/endorsement,yes,none
MST-1818,SAP,SAP Certified Associate - Back-End Developer - ABAP Cloud Prep,,global,en,unresolved,unknown,,unverified-needs-official-check,,not documented,Knowledge-practice forms use MCQ/MR only; official item formats not reproducible in this format are listed in the exam-version record.,not checked,independent preparation; no affiliation/endorsement,yes,none
MST-1819,SAP,SAP Certified Associate - SAP Business Technology Platform Prep,,global,en,unresolved,unknown,,unverified-needs-official-check,,not documented,Knowledge-practice forms use MCQ/MR only; official item formats not reproducible in this format are listed in the exam-version record.,not checked,independent preparation; no affiliation/endorsement,yes,none
MST-1820,HubSpot Academy,HubSpot Inbound Marketing Certification Prep,,global,en,unresolved,unknown,,unverified-needs-official-check,,not documented,Knowledge-practice forms use MCQ/MR only; official item formats not reproducible in this format are listed in the exam-version record.,not checked,independent preparation; no affiliation/endorsement,yes,none
MST-1843,Pearson,PTE Core Preparation (MCQ-assessable skills),PTE Core,global,en,unresolved,unknown,,unverified-needs-official-check,,not documented,Official test assesses writing and speaking; MCQ/MR cannot assess productive skills. Mastemy teaches all four skills by video and model-answer analysis but scores only receptive and knowledge items.,not checked,independent preparation; no affiliation/endorsement,no,none
MST-1844,JLPT administrators,JLPT N5 Preparation,JLPT N5,global,en,unresolved,unknown,,unverified-needs-official-check,,not documented,Knowledge-practice forms use MCQ/MR only; official item formats not reproducible in this format are listed in the exam-version record.,not checked,independent preparation; no affiliation/endorsement,no,none
MST-1845,JLPT administrators,JLPT N4 Preparation,JLPT N4,global,en,unresolved,unknown,,unverified-needs-official-check,,not documented,Knowledge-practice forms use MCQ/MR only; official item formats not reproducible in this format are listed in the exam-version record.,not checked,independent preparation; no affiliation/endorsement,no,none
MST-1846,JLPT administrators,JLPT N3 Preparation,JLPT N3,global,en,unresolved,unknown,,unverified-needs-official-check,,not documented,Knowledge-practice forms use MCQ/MR only; official item formats not reproducible in this format are listed in the exam-version record.,not checked,independent preparation; no affiliation/endorsement,no,none
MST-1847,JLPT administrators,JLPT N1 Preparation,JLPT N1,global,en,unresolved,unknown,,unverified-needs-official-check,,not documented,Knowledge-practice forms use MCQ/MR only; official item formats not reproducible in this format are listed in the exam-version record.,not checked,independent preparation; no affiliation/endorsement,no,none
MST-1848,Chinese Testing International,HSK 1 Preparation,HSK 1,global,en,unresolved,unknown,,unverified-needs-official-check,,not documented,Knowledge-practice forms use MCQ/MR only; official item formats not reproducible in this format are listed in the exam-version record.,not checked,independent preparation; no affiliation/endorsement,no,none
MST-1849,Chinese Testing International,HSK 2 Preparation,HSK 2,global,en,unresolved,unknown,,unverified-needs-official-check,,not documented,Knowledge-practice forms use MCQ/MR only; official item formats not reproducible in this format are listed in the exam-version record.,not checked,independent preparation; no affiliation/endorsement,no,none
MST-1850,Chinese Testing International,HSK 3 Preparation,HSK 3,global,en,unresolved,unknown,,unverified-needs-official-check,,not documented,Knowledge-practice forms use MCQ/MR only; official item formats not reproducible in this format are listed in the exam-version record.,not checked,independent preparation; no affiliation/endorsement,no,none
MST-1851,Chinese Testing International,HSK 4 Preparation,HSK 4,global,en,unresolved,unknown,,unverified-needs-official-check,,not documented,Knowledge-practice forms use MCQ/MR only; official item formats not reproducible in this format are listed in the exam-version record.,not checked,independent preparation; no affiliation/endorsement,no,none
MST-1852,NIIED,TOPIK I Preparation,TOPIK I,global,en,unresolved,unknown,,unverified-needs-official-check,,not documented,Knowledge-practice forms use MCQ/MR only; official item formats not reproducible in this format are listed in the exam-version record.,not checked,independent preparation; no affiliation/endorsement,no,none
MST-1853,France Education international,DELF B1 Preparation (MCQ-assessable skills),DELF B1,global,en,unresolved,unknown,,unverified-needs-official-check,,not documented,Official test assesses writing and speaking; MCQ/MR cannot assess productive skills. Mastemy teaches all four skills by video and model-answer analysis but scores only receptive and knowledge items.,not checked,independent preparation; no affiliation/endorsement,no,none
MST-1854,Instituto Cervantes,DELE B1 Preparation (MCQ-assessable skills),DELE B1,global,en,unresolved,unknown,,unverified-needs-official-check,,not documented,Official test assesses writing and speaking; MCQ/MR cannot assess productive skills. Mastemy teaches all four skills by video and model-answer analysis but scores only receptive and knowledge items.,not checked,independent preparation; no affiliation/endorsement,no,none
MST-1855,Goethe-Institut,Goethe-Zertifikat B1 Preparation (MCQ-assessable skills),Goethe B1,global,en,unresolved,unknown,,unverified-needs-official-check,,not documented,Official test assesses writing and speaking; MCQ/MR cannot assess productive skills. Mastemy teaches all four skills by video and model-answer analysis but scores only receptive and knowledge items.,not checked,independent preparation; no affiliation/endorsement,no,none
MST-1863,Unity,Unity Certified User: Programmer Knowledge Prep,,global,en,unresolved,unknown,,unverified-needs-official-check,,not documented,Knowledge-practice forms use MCQ/MR only; official item formats not reproducible in this format are listed in the exam-version record.,not checked,independent preparation; no affiliation/endorsement,yes,none
