mst_id,category_no,category_name,title
MST-0001,01,Accounting And Tax Certification Preparation,ACCA BT: Business and Technology
MST-0002,01,Accounting And Tax Certification Preparation,ACCA MA: Management Accounting
MST-0003,01,Accounting And Tax Certification Preparation,ACCA FA: Financial Accounting
MST-0004,01,Accounting And Tax Certification Preparation,ACCA LW: Corporate and Business Law — Global Variant
MST-0005,01,Accounting And Tax Certification Preparation,ACCA PM: Performance Management
MST-0006,01,Accounting And Tax Certification Preparation,ACCA TX: Taxation — United Kingdom Variant
MST-0007,01,Accounting And Tax Certification Preparation,ACCA FR: Financial Reporting
MST-0008,01,Accounting And Tax Certification Preparation,ACCA AA: Audit and Assurance
MST-0009,01,Accounting And Tax Certification Preparation,ACCA FM: Financial Management
MST-0010,01,Accounting And Tax Certification Preparation,ACCA SBL: Strategic Business Leader
MST-0011,01,Accounting And Tax Certification Preparation,ACCA SBR: Strategic Business Reporting — International Variant
MST-0012,01,Accounting And Tax Certification Preparation,ACCA AFM: Advanced Financial Management
MST-0013,01,Accounting And Tax Certification Preparation,ACCA APM: Advanced Performance Management
MST-0014,01,Accounting And Tax Certification Preparation,ACCA ATX: Advanced Taxation — United Kingdom Variant
MST-0015,01,Accounting And Tax Certification Preparation,ACCA AAA: Advanced Audit and Assurance — International Variant
MST-0016,01,Accounting And Tax Certification Preparation,US CPA AUD: Auditing and Attestation
MST-0017,01,Accounting And Tax Certification Preparation,US CPA FAR: Financial Accounting and Reporting
MST-0018,01,Accounting And Tax Certification Preparation,US CPA REG: Taxation and Regulation
MST-0019,01,Accounting And Tax Certification Preparation,US CPA BAR: Business Analysis and Reporting — Discipline
MST-0020,01,Accounting And Tax Certification Preparation,US CPA ISC: Information Systems and Controls — Discipline
MST-0021,01,Accounting And Tax Certification Preparation,US CPA TCP: Tax Compliance and Planning — Discipline
MST-0022,01,Accounting And Tax Certification Preparation,"US CMA Part 1: Financial Planning, Performance, and Analytics"
MST-0023,01,Accounting And Tax Certification Preparation,US CMA Part 2: Strategic Financial Management
MST-0024,01,Accounting And Tax Certification Preparation,CIMA BA1: Fundamentals of Business Economics
MST-0025,01,Accounting And Tax Certification Preparation,CIMA BA2: Fundamentals of Management Accounting
MST-0026,01,Accounting And Tax Certification Preparation,CIMA BA3: Fundamentals of Financial Accounting
MST-0027,01,Accounting And Tax Certification Preparation,"CIMA BA4: Fundamentals of Ethics, Corporate Governance, and Business Law"
MST-0028,01,Accounting And Tax Certification Preparation,CIMA E1: Managing Finance in a Digital World
MST-0029,01,Accounting And Tax Certification Preparation,CIMA P1: Management Accounting
MST-0030,01,Accounting And Tax Certification Preparation,CIMA F1: Financial Reporting
MST-0031,01,Accounting And Tax Certification Preparation,CIMA Operational Case Study: Knowledge and Case-Analysis Preparation
MST-0032,01,Accounting And Tax Certification Preparation,CIMA E2: Managing Performance
MST-0033,01,Accounting And Tax Certification Preparation,CIMA P2: Advanced Management Accounting
MST-0034,01,Accounting And Tax Certification Preparation,CIMA F2: Advanced Financial Reporting
MST-0035,01,Accounting And Tax Certification Preparation,CIMA Management Case Study: Knowledge and Case-Analysis Preparation
MST-0036,01,Accounting And Tax Certification Preparation,CIMA E3: Strategic Management
MST-0037,01,Accounting And Tax Certification Preparation,CIMA P3: Risk Management
MST-0038,01,Accounting And Tax Certification Preparation,CIMA F3: Financial Strategy
MST-0039,01,Accounting And Tax Certification Preparation,CIMA Strategic Case Study: Knowledge and Case-Analysis Preparation
MST-0040,01,Accounting And Tax Certification Preparation,US Enrolled Agent SEE Part 1: Individuals
MST-0041,01,Accounting And Tax Certification Preparation,US Enrolled Agent SEE Part 2: Businesses
MST-0042,01,Accounting And Tax Certification Preparation,"US Enrolled Agent SEE Part 3: Representation, Practices, and Procedures"
MST-0043,01,Accounting And Tax Certification Preparation,ACCA Diploma in International Financial Reporting: DipIFR
MST-0044,01,Accounting And Tax Certification Preparation,ACCA FA1: Recording Financial Transactions
MST-0045,01,Accounting And Tax Certification Preparation,ACCA MA1: Management Information
MST-0046,01,Accounting And Tax Certification Preparation,ACCA FA2: Maintaining Financial Records
MST-0047,01,Accounting And Tax Certification Preparation,ACCA MA2: Managing Costs and Finance
MST-0048,01,Accounting And Tax Certification Preparation,ACCA FBT: Foundations in Business and Technology
MST-0049,01,Accounting And Tax Certification Preparation,ACCA FMA: Foundations in Management Accounting
MST-0050,01,Accounting And Tax Certification Preparation,ACCA FFA: Foundations in Financial Accounting
MST-0051,02,"Investment, Banking, Risk, And Actuarial Credentials",CFA Level I: Complete Curriculum Preparation
MST-0052,02,"Investment, Banking, Risk, And Actuarial Credentials",CFA Level II: Complete Curriculum Preparation
MST-0053,02,"Investment, Banking, Risk, And Actuarial Credentials",CFA Level III: Common Core and Selectable Specialized Pathway
MST-0054,02,"Investment, Banking, Risk, And Actuarial Credentials",CAIA Level I: Alternative Investment Foundations
MST-0055,02,"Investment, Banking, Risk, And Actuarial Credentials",CAIA Level II: Advanced Alternative Investment Analysis
MST-0056,02,"Investment, Banking, Risk, And Actuarial Credentials",FRM Part I: Financial Risk Foundations and Quantitative Methods
MST-0057,02,"Investment, Banking, Risk, And Actuarial Credentials",FRM Part II: Applied Financial Risk Management
MST-0058,02,"Investment, Banking, Risk, And Actuarial Credentials",CIPM Level I: Investment Performance Measurement
MST-0059,02,"Investment, Banking, Risk, And Actuarial Credentials",CIPM Level II: Performance Evaluation and Manager Selection
MST-0060,02,"Investment, Banking, Risk, And Actuarial Credentials",CFP Certification Examination: US Financial Planning
MST-0061,02,"Investment, Banking, Risk, And Actuarial Credentials",AFP Certified Treasury Professional: CTP
MST-0062,02,"Investment, Banking, Risk, And Actuarial Credentials",AFP FPAC Part I: Financial Planning and Analysis Foundations
MST-0063,02,"Investment, Banking, Risk, And Actuarial Credentials",AFP FPAC Part II: Applied Financial Analysis
MST-0064,02,"Investment, Banking, Risk, And Actuarial Credentials",FINRA Securities Industry Essentials: SIE
MST-0065,02,"Investment, Banking, Risk, And Actuarial Credentials",FINRA Series 6: Investment Company and Variable Contracts Products
MST-0066,02,"Investment, Banking, Risk, And Actuarial Credentials",FINRA Series 7: General Securities Representative
MST-0067,02,"Investment, Banking, Risk, And Actuarial Credentials",FINRA Series 9: General Securities Sales Supervisor — Options
MST-0068,02,"Investment, Banking, Risk, And Actuarial Credentials",FINRA Series 10: General Securities Sales Supervisor — General
MST-0069,02,"Investment, Banking, Risk, And Actuarial Credentials",FINRA Series 24: General Securities Principal
MST-0070,02,"Investment, Banking, Risk, And Actuarial Credentials",FINRA Series 57: Securities Trader
MST-0071,02,"Investment, Banking, Risk, And Actuarial Credentials",FINRA Series 79: Investment Banking Representative
MST-0072,02,"Investment, Banking, Risk, And Actuarial Credentials",FINRA Series 86: Research Analyst — Analysis
MST-0073,02,"Investment, Banking, Risk, And Actuarial Credentials",FINRA Series 87: Research Analyst — Regulation
MST-0074,02,"Investment, Banking, Risk, And Actuarial Credentials",NASAA Series 63: Uniform Securities Agent State Law
MST-0075,02,"Investment, Banking, Risk, And Actuarial Credentials",NASAA Series 65: Uniform Investment Adviser Law
MST-0076,02,"Investment, Banking, Risk, And Actuarial Credentials",NASAA Series 66: Uniform Combined State Law
MST-0077,02,"Investment, Banking, Risk, And Actuarial Credentials",NFA Series 3: National Commodity Futures Examination
MST-0078,02,"Investment, Banking, Risk, And Actuarial Credentials",SOA Exam P: Probability
MST-0079,02,"Investment, Banking, Risk, And Actuarial Credentials",SOA Exam FM: Financial Mathematics
MST-0080,02,"Investment, Banking, Risk, And Actuarial Credentials",SOA Exam FAM: Fundamentals of Actuarial Mathematics
MST-0081,02,"Investment, Banking, Risk, And Actuarial Credentials",SOA Exam ALTAM: Advanced Long-Term Actuarial Mathematics
MST-0082,02,"Investment, Banking, Risk, And Actuarial Credentials",SOA Exam ASTAM: Advanced Short-Term Actuarial Mathematics
MST-0083,02,"Investment, Banking, Risk, And Actuarial Credentials",SOA Exam SRM: Statistics for Risk Modeling
MST-0084,02,"Investment, Banking, Risk, And Actuarial Credentials",SOA Exam PA: Predictive Analytics
MST-0085,02,"Investment, Banking, Risk, And Actuarial Credentials",CAS Exam MAS-I: Modern Actuarial Statistics I
MST-0086,02,"Investment, Banking, Risk, And Actuarial Credentials",CAS Exam MAS-II: Modern Actuarial Statistics II
MST-0087,02,"Investment, Banking, Risk, And Actuarial Credentials",CAS Exam 5: Basic Ratemaking and Estimating Claim Liabilities
MST-0088,02,"Investment, Banking, Risk, And Actuarial Credentials",CAS Exam 6-US: Regulation and Financial Reporting
MST-0089,02,"Investment, Banking, Risk, And Actuarial Credentials",GARP Sustainability and Climate Risk: SCR
MST-0090,02,"Investment, Banking, Risk, And Actuarial Credentials",GARP Risk and AI: RAI
MST-0091,03,"Audit, Privacy, Governance, And Compliance Credentials",CIA Part 1: Internal Audit Fundamentals
MST-0092,03,"Audit, Privacy, Governance, And Compliance Credentials",CIA Part 2: Internal Audit Engagement
MST-0093,03,"Audit, Privacy, Governance, And Compliance Credentials",CIA Part 3: Internal Audit Function
MST-0094,03,"Audit, Privacy, Governance, And Compliance Credentials",ISACA CISA: Certified Information Systems Auditor
MST-0095,03,"Audit, Privacy, Governance, And Compliance Credentials",ISACA CISM: Certified Information Security Manager
MST-0096,03,"Audit, Privacy, Governance, And Compliance Credentials",ISACA CRISC: Certified in Risk and Information Systems Control
MST-0097,03,"Audit, Privacy, Governance, And Compliance Credentials",ISACA CGEIT: Certified in the Governance of Enterprise IT
MST-0098,03,"Audit, Privacy, Governance, And Compliance Credentials",ISACA CDPSE: Certified Data Privacy Solutions Engineer
MST-0099,03,"Audit, Privacy, Governance, And Compliance Credentials",IIA CRMA: Certification in Risk Management Assurance
MST-0100,03,"Audit, Privacy, Governance, And Compliance Credentials",IIA Internal Audit Practitioner: IAP
MST-0101,03,"Audit, Privacy, Governance, And Compliance Credentials",ACFE Certified Fraud Examiner: Complete Examination Preparation
MST-0102,03,"Audit, Privacy, Governance, And Compliance Credentials",ACAMS Certified Anti-Money Laundering Specialist: CAMS
MST-0103,03,"Audit, Privacy, Governance, And Compliance Credentials",ACAMS Certified Global Sanctions Specialist: CGSS
MST-0104,03,"Audit, Privacy, Governance, And Compliance Credentials",IAPP CIPP/US: United States Privacy
MST-0105,03,"Audit, Privacy, Governance, And Compliance Credentials",IAPP CIPP/E: European Privacy
MST-0106,03,"Audit, Privacy, Governance, And Compliance Credentials",IAPP CIPP/C: Canadian Privacy
MST-0107,03,"Audit, Privacy, Governance, And Compliance Credentials",IAPP CIPP/A: Asian Privacy
MST-0108,03,"Audit, Privacy, Governance, And Compliance Credentials",IAPP CIPM: Privacy Program Management
MST-0109,03,"Audit, Privacy, Governance, And Compliance Credentials",IAPP CIPT: Privacy Technology
MST-0110,03,"Audit, Privacy, Governance, And Compliance Credentials",IAPP AIGP: Artificial Intelligence Governance Professional
MST-0111,03,"Audit, Privacy, Governance, And Compliance Credentials",SCCE Certified Compliance and Ethics Professional: CCEP
MST-0112,03,"Audit, Privacy, Governance, And Compliance Credentials",SCCE Certified Compliance and Ethics Professional International: CCEP-I
MST-0113,03,"Audit, Privacy, Governance, And Compliance Credentials",HCCA Certified in Healthcare Compliance: CHC
MST-0114,03,"Audit, Privacy, Governance, And Compliance Credentials",HCCA Certified in Healthcare Privacy Compliance: CHPC
MST-0115,03,"Audit, Privacy, Governance, And Compliance Credentials",HCCA Certified in Healthcare Research Compliance: CHRC
MST-0116,03,"Audit, Privacy, Governance, And Compliance Credentials",OCEG GRC Professional: GRCP
MST-0117,03,"Audit, Privacy, Governance, And Compliance Credentials",OCEG GRC Auditor: GRCA
MST-0118,03,"Audit, Privacy, Governance, And Compliance Credentials",DRI Associate Business Continuity Professional: ABCP
MST-0119,03,"Audit, Privacy, Governance, And Compliance Credentials",DRI Certified Business Continuity Professional: CBCP
MST-0120,03,"Audit, Privacy, Governance, And Compliance Credentials",BCI Certificate of the Business Continuity Institute: CBCI
MST-0121,04,"Project, Agile, Product, And Business-Analysis Credentials",PMI PMP: Project Management Professional — Current Exam Blueprint
MST-0122,04,"Project, Agile, Product, And Business-Analysis Credentials",PMI CAPM: Certified Associate in Project Management
MST-0123,04,"Project, Agile, Product, And Business-Analysis Credentials",PMI PMI-ACP: Agile Certified Practitioner
MST-0124,04,"Project, Agile, Product, And Business-Analysis Credentials",PMI PMI-RMP: Risk Management Professional
MST-0125,04,"Project, Agile, Product, And Business-Analysis Credentials",PMI PMI-SP: Scheduling Professional
MST-0126,04,"Project, Agile, Product, And Business-Analysis Credentials",PMI PgMP: Program Management Professional
MST-0127,04,"Project, Agile, Product, And Business-Analysis Credentials",PMI PfMP: Portfolio Management Professional
MST-0128,04,"Project, Agile, Product, And Business-Analysis Credentials",PMI PMI-PBA: Professional in Business Analysis
MST-0129,04,"Project, Agile, Product, And Business-Analysis Credentials",PMI PMI-CP: Construction Professional
MST-0130,04,"Project, Agile, Product, And Business-Analysis Credentials",PMI PMI-PMOCP: PMO Certified Professional
MST-0131,04,"Project, Agile, Product, And Business-Analysis Credentials",PeopleCert PRINCE2 Project Management Foundation
MST-0132,04,"Project, Agile, Product, And Business-Analysis Credentials",PeopleCert PRINCE2 Project Management Practitioner
MST-0133,04,"Project, Agile, Product, And Business-Analysis Credentials",PeopleCert PRINCE2 Agile Foundation
MST-0134,04,"Project, Agile, Product, And Business-Analysis Credentials",PeopleCert PRINCE2 Agile Practitioner
MST-0135,04,"Project, Agile, Product, And Business-Analysis Credentials",PeopleCert PRINCE2 Programme Management Foundation: Formerly MSP
MST-0136,04,"Project, Agile, Product, And Business-Analysis Credentials",PeopleCert PRINCE2 Programme Management Practitioner: Formerly MSP
MST-0137,04,"Project, Agile, Product, And Business-Analysis Credentials",Scrum.org Professional Scrum Master I
MST-0138,04,"Project, Agile, Product, And Business-Analysis Credentials",Scrum.org Professional Scrum Master II
MST-0139,04,"Project, Agile, Product, And Business-Analysis Credentials",Scrum.org Professional Scrum Product Owner I
MST-0140,04,"Project, Agile, Product, And Business-Analysis Credentials",Scrum.org Professional Scrum Product Owner II
MST-0141,04,"Project, Agile, Product, And Business-Analysis Credentials",Scrum.org Professional Scrum Developer
MST-0142,04,"Project, Agile, Product, And Business-Analysis Credentials",Scrum.org Professional Agile Leadership Essentials
MST-0143,04,"Project, Agile, Product, And Business-Analysis Credentials",Scrum.org Professional Scrum with Kanban
MST-0144,04,"Project, Agile, Product, And Business-Analysis Credentials",Scrum.org Professional Scrum with User Experience
MST-0145,04,"Project, Agile, Product, And Business-Analysis Credentials",Scrum.org Scaled Professional Scrum
MST-0146,04,"Project, Agile, Product, And Business-Analysis Credentials",Scrum Alliance Certified ScrumMaster: Knowledge Preparation
MST-0147,04,"Project, Agile, Product, And Business-Analysis Credentials",Scrum Alliance Certified Scrum Product Owner: Knowledge Preparation
MST-0148,04,"Project, Agile, Product, And Business-Analysis Credentials",SAFe Agilist: Leading SAFe Knowledge Preparation
MST-0149,04,"Project, Agile, Product, And Business-Analysis Credentials",SAFe Scrum Master: Knowledge Preparation
MST-0150,04,"Project, Agile, Product, And Business-Analysis Credentials",SAFe Product Owner/Product Manager: Knowledge Preparation
MST-0151,04,"Project, Agile, Product, And Business-Analysis Credentials",SAFe Release Train Engineer: Knowledge Preparation
MST-0152,04,"Project, Agile, Product, And Business-Analysis Credentials",IIBA ECBA: Entry Certificate in Business Analysis
MST-0153,04,"Project, Agile, Product, And Business-Analysis Credentials",IIBA CCBA: Certification of Capability in Business Analysis
MST-0154,04,"Project, Agile, Product, And Business-Analysis Credentials",IIBA CBAP: Certified Business Analysis Professional
MST-0155,04,"Project, Agile, Product, And Business-Analysis Credentials",IIBA AAC: Agile Analysis Certification
MST-0156,04,"Project, Agile, Product, And Business-Analysis Credentials",IIBA CBDA: Certification in Business Data Analytics
MST-0157,04,"Project, Agile, Product, And Business-Analysis Credentials",AACE CCP: Certified Cost Professional
MST-0158,04,"Project, Agile, Product, And Business-Analysis Credentials",AACE PSP: Planning and Scheduling Professional
MST-0159,04,"Project, Agile, Product, And Business-Analysis Credentials",AACE EVP: Earned Value Professional
MST-0160,04,"Project, Agile, Product, And Business-Analysis Credentials",AACE CEP: Certified Estimating Professional
MST-0161,05,"Microsoft, Office, And Github Credential Preparation",Microsoft AZ-900: Azure Fundamentals
MST-0162,05,"Microsoft, Office, And Github Credential Preparation",Microsoft AZ-104: Azure Administrator Associate
MST-0163,05,"Microsoft, Office, And Github Credential Preparation",Microsoft AZ-305: Azure Solutions Architect Expert Exam Preparation
MST-0164,05,"Microsoft, Office, And Github Credential Preparation",Microsoft AZ-400: DevOps Engineer Expert Exam Preparation
MST-0165,05,"Microsoft, Office, And Github Credential Preparation",Microsoft AZ-700: Azure Network Engineer Associate
MST-0166,05,"Microsoft, Office, And Github Credential Preparation",Microsoft AZ-140: Azure Virtual Desktop Specialty
MST-0167,05,"Microsoft, Office, And Github Credential Preparation",Microsoft AZ-120: Azure for SAP Workloads Specialty
MST-0168,05,"Microsoft, Office, And Github Credential Preparation",Microsoft DP-900: Azure Data Fundamentals
MST-0169,05,"Microsoft, Office, And Github Credential Preparation",Microsoft DP-300: Azure Database Administrator Associate
MST-0170,05,"Microsoft, Office, And Github Credential Preparation",Microsoft DP-420: Azure Cosmos DB Developer Specialty
MST-0171,05,"Microsoft, Office, And Github Credential Preparation",Microsoft DP-600: Fabric Analytics Engineer Associate
MST-0172,05,"Microsoft, Office, And Github Credential Preparation",Microsoft DP-700: Fabric Data Engineer Associate
MST-0173,05,"Microsoft, Office, And Github Credential Preparation",Microsoft PL-900: Power Platform Fundamentals
MST-0174,05,"Microsoft, Office, And Github Credential Preparation",Microsoft PL-300: Power BI Data Analyst Associate
MST-0175,05,"Microsoft, Office, And Github Credential Preparation",Microsoft PL-400: Power Platform Developer Associate
MST-0176,05,"Microsoft, Office, And Github Credential Preparation","Microsoft SC-900: Security, Compliance, and Identity Fundamentals"
MST-0177,05,"Microsoft, Office, And Github Credential Preparation",Microsoft SC-100: Cybersecurity Architect Expert Exam Preparation
MST-0178,05,"Microsoft, Office, And Github Credential Preparation",Microsoft SC-200: Security Operations Analyst Associate
MST-0179,05,"Microsoft, Office, And Github Credential Preparation",Microsoft SC-300: Identity and Access Administrator Associate
MST-0180,05,"Microsoft, Office, And Github Credential Preparation",Microsoft SC-401: Information Security Administrator Associate
MST-0181,05,"Microsoft, Office, And Github Credential Preparation",Microsoft MD-102: Endpoint Administrator Associate
MST-0182,05,"Microsoft, Office, And Github Credential Preparation",Microsoft MS-102: Microsoft 365 Administrator Expert — Retirement-Aware Track
MST-0183,05,"Microsoft, Office, And Github Credential Preparation",Microsoft MS-700: Teams Administrator Associate
MST-0184,05,"Microsoft, Office, And Github Credential Preparation",Microsoft MS-721: Collaboration Communications Systems Engineer Associate
MST-0185,05,"Microsoft, Office, And Github Credential Preparation",Microsoft MB-310: Dynamics 365 Finance Functional Consultant Associate
MST-0186,05,"Microsoft, Office, And Github Credential Preparation",Microsoft MB-330: Dynamics 365 Supply Chain Management Functional Consultant Associate
MST-0187,05,"Microsoft, Office, And Github Credential Preparation",Microsoft MB-800: Dynamics 365 Business Central Functional Consultant Associate
MST-0188,05,"Microsoft, Office, And Github Credential Preparation",Microsoft AB-730: AI Business Professional
MST-0189,05,"Microsoft, Office, And Github Credential Preparation",Microsoft AB-731: AI Transformation Leader
MST-0190,05,"Microsoft, Office, And Github Credential Preparation",Microsoft Office Specialist Word Associate: Knowledge Preparation
MST-0191,05,"Microsoft, Office, And Github Credential Preparation",Microsoft Office Specialist Excel Associate: Knowledge Preparation
MST-0192,05,"Microsoft, Office, And Github Credential Preparation",Microsoft Office Specialist PowerPoint Associate: Knowledge Preparation
MST-0193,05,"Microsoft, Office, And Github Credential Preparation",Microsoft Office Specialist Outlook: Knowledge Preparation
MST-0194,05,"Microsoft, Office, And Github Credential Preparation",Microsoft Office Specialist Word Expert: Knowledge Preparation
MST-0195,05,"Microsoft, Office, And Github Credential Preparation",Microsoft Office Specialist Excel Expert: Knowledge Preparation
MST-0196,05,"Microsoft, Office, And Github Credential Preparation",GitHub Foundations Certification Preparation
MST-0197,05,"Microsoft, Office, And Github Credential Preparation",GitHub Actions Certification Preparation
MST-0198,05,"Microsoft, Office, And Github Credential Preparation",GitHub Administration Certification Preparation
MST-0199,05,"Microsoft, Office, And Github Credential Preparation",GitHub Advanced Security Certification Preparation
MST-0200,05,"Microsoft, Office, And Github Credential Preparation",GitHub Copilot Certification Preparation
MST-0201,06,"Aws, Google Cloud, And Data-Platform Credentials",AWS Certified Cloud Practitioner
MST-0202,06,"Aws, Google Cloud, And Data-Platform Credentials",AWS Certified AI Practitioner
MST-0203,06,"Aws, Google Cloud, And Data-Platform Credentials",AWS Certified Solutions Architect — Associate
MST-0204,06,"Aws, Google Cloud, And Data-Platform Credentials",AWS Certified Developer — Associate
MST-0205,06,"Aws, Google Cloud, And Data-Platform Credentials",AWS Certified CloudOps Engineer — Associate
MST-0206,06,"Aws, Google Cloud, And Data-Platform Credentials",AWS Certified Data Engineer — Associate
MST-0207,06,"Aws, Google Cloud, And Data-Platform Credentials",AWS Certified Machine Learning Engineer — Associate
MST-0208,06,"Aws, Google Cloud, And Data-Platform Credentials",AWS Certified Solutions Architect — Professional
MST-0209,06,"Aws, Google Cloud, And Data-Platform Credentials",AWS Certified DevOps Engineer — Professional
MST-0210,06,"Aws, Google Cloud, And Data-Platform Credentials",AWS Certified Security — Specialty
MST-0211,06,"Aws, Google Cloud, And Data-Platform Credentials",AWS Certified Advanced Networking — Specialty: Retirement-Aware Track
MST-0212,06,"Aws, Google Cloud, And Data-Platform Credentials",AWS Certified AI Business Strategist: Beta Blueprint Preparation
MST-0213,06,"Aws, Google Cloud, And Data-Platform Credentials",Google Cloud Digital Leader
MST-0214,06,"Aws, Google Cloud, And Data-Platform Credentials",Google Cloud Generative AI Leader
MST-0215,06,"Aws, Google Cloud, And Data-Platform Credentials",Google Cloud Associate Cloud Engineer
MST-0216,06,"Aws, Google Cloud, And Data-Platform Credentials",Google Cloud Associate Data Practitioner
MST-0217,06,"Aws, Google Cloud, And Data-Platform Credentials",Google Cloud Associate Google Workspace Administrator
MST-0218,06,"Aws, Google Cloud, And Data-Platform Credentials",Google Cloud Professional Cloud Architect
MST-0219,06,"Aws, Google Cloud, And Data-Platform Credentials",Google Cloud Professional Data Engineer
MST-0220,06,"Aws, Google Cloud, And Data-Platform Credentials",Google Cloud Professional Cloud Developer
MST-0221,06,"Aws, Google Cloud, And Data-Platform Credentials",Google Cloud Professional Cloud DevOps Engineer
MST-0222,06,"Aws, Google Cloud, And Data-Platform Credentials",Google Cloud Professional Cloud Security Engineer
MST-0223,06,"Aws, Google Cloud, And Data-Platform Credentials",Google Cloud Professional Cloud Network Engineer
MST-0224,06,"Aws, Google Cloud, And Data-Platform Credentials",Google Cloud Professional Machine Learning Engineer
MST-0225,06,"Aws, Google Cloud, And Data-Platform Credentials",Google Cloud Professional Cloud Database Engineer
MST-0226,06,"Aws, Google Cloud, And Data-Platform Credentials",Google Cloud Professional Security Operations Engineer
MST-0227,06,"Aws, Google Cloud, And Data-Platform Credentials",Google Cloud Professional Agentic Architect: Transition Blueprint Preparation
MST-0228,06,"Aws, Google Cloud, And Data-Platform Credentials",Databricks Certified Data Engineer Associate
MST-0229,06,"Aws, Google Cloud, And Data-Platform Credentials",Databricks Certified Data Engineer Professional
MST-0230,06,"Aws, Google Cloud, And Data-Platform Credentials",Databricks Certified Machine Learning Associate
MST-0231,06,"Aws, Google Cloud, And Data-Platform Credentials",Databricks Certified Machine Learning Professional
MST-0232,06,"Aws, Google Cloud, And Data-Platform Credentials",Databricks Certified Generative AI Engineer Associate
MST-0233,06,"Aws, Google Cloud, And Data-Platform Credentials",Snowflake SnowPro Core Certification
MST-0234,06,"Aws, Google Cloud, And Data-Platform Credentials",Snowflake SnowPro Advanced Architect Certification
MST-0235,06,"Aws, Google Cloud, And Data-Platform Credentials",Snowflake SnowPro Advanced Data Engineer Certification
MST-0236,06,"Aws, Google Cloud, And Data-Platform Credentials",Snowflake SnowPro Advanced Data Analyst Certification
MST-0237,06,"Aws, Google Cloud, And Data-Platform Credentials",Snowflake SnowPro Advanced Administrator Certification
MST-0238,06,"Aws, Google Cloud, And Data-Platform Credentials",Tableau Certified Data Analyst
MST-0239,06,"Aws, Google Cloud, And Data-Platform Credentials",Salesforce Certified Platform Administrator
MST-0240,06,"Aws, Google Cloud, And Data-Platform Credentials",Salesforce Certified Agentforce Specialist
MST-0241,07,"Cybersecurity, Networks, Linux, And Infrastructure Credentials",ISC2 Certified in Cybersecurity: CC
MST-0242,07,"Cybersecurity, Networks, Linux, And Infrastructure Credentials",ISC2 Systems Security Certified Practitioner: SSCP
MST-0243,07,"Cybersecurity, Networks, Linux, And Infrastructure Credentials",ISC2 Certified Information Systems Security Professional: CISSP
MST-0244,07,"Cybersecurity, Networks, Linux, And Infrastructure Credentials",ISC2 Certified Cloud Security Professional: CCSP
MST-0245,07,"Cybersecurity, Networks, Linux, And Infrastructure Credentials",ISC2 Certified Secure Software Lifecycle Professional: CSSLP
MST-0246,07,"Cybersecurity, Networks, Linux, And Infrastructure Credentials","ISC2 Certified in Governance, Risk and Compliance: CGRC"
MST-0247,07,"Cybersecurity, Networks, Linux, And Infrastructure Credentials",CompTIA A+: Core 1 Exam Preparation
MST-0248,07,"Cybersecurity, Networks, Linux, And Infrastructure Credentials",CompTIA A+: Core 2 Exam Preparation
MST-0249,07,"Cybersecurity, Networks, Linux, And Infrastructure Credentials",CompTIA Network+
MST-0250,07,"Cybersecurity, Networks, Linux, And Infrastructure Credentials",CompTIA Security+
MST-0251,07,"Cybersecurity, Networks, Linux, And Infrastructure Credentials",CompTIA CySA+
MST-0252,07,"Cybersecurity, Networks, Linux, And Infrastructure Credentials",CompTIA PenTest+
MST-0253,07,"Cybersecurity, Networks, Linux, And Infrastructure Credentials",CompTIA SecurityX
MST-0254,07,"Cybersecurity, Networks, Linux, And Infrastructure Credentials",CompTIA Linux+
MST-0255,07,"Cybersecurity, Networks, Linux, And Infrastructure Credentials",CompTIA Cloud+
MST-0256,07,"Cybersecurity, Networks, Linux, And Infrastructure Credentials",CompTIA Server+
MST-0257,07,"Cybersecurity, Networks, Linux, And Infrastructure Credentials",CompTIA Data+
MST-0258,07,"Cybersecurity, Networks, Linux, And Infrastructure Credentials",CompTIA DataSys+
MST-0259,07,"Cybersecurity, Networks, Linux, And Infrastructure Credentials",Cisco CCNA
MST-0260,07,"Cybersecurity, Networks, Linux, And Infrastructure Credentials",Cisco CCNP Enterprise: ENCOR Core Exam
MST-0261,07,"Cybersecurity, Networks, Linux, And Infrastructure Credentials",Cisco CCNP Enterprise: ENARSI Concentration Exam
MST-0262,07,"Cybersecurity, Networks, Linux, And Infrastructure Credentials",Cisco CCNP Security: SCOR Core Exam
MST-0263,07,"Cybersecurity, Networks, Linux, And Infrastructure Credentials",Cisco CCNP Data Center: DCCOR Core Exam
MST-0264,07,"Cybersecurity, Networks, Linux, And Infrastructure Credentials",Cisco CCNP Service Provider: SPCOR Core Exam
MST-0265,07,"Cybersecurity, Networks, Linux, And Infrastructure Credentials",Juniper JNCIA-Junos
MST-0266,07,"Cybersecurity, Networks, Linux, And Infrastructure Credentials",Juniper JNCIS-ENT
MST-0267,07,"Cybersecurity, Networks, Linux, And Infrastructure Credentials",Juniper JNCIP-ENT
MST-0268,07,"Cybersecurity, Networks, Linux, And Infrastructure Credentials",Red Hat RHCSA: Knowledge and Demonstration Preparation
MST-0269,07,"Cybersecurity, Networks, Linux, And Infrastructure Credentials",Red Hat RHCE: Knowledge and Demonstration Preparation
MST-0270,07,"Cybersecurity, Networks, Linux, And Infrastructure Credentials",Linux Foundation LFCS: Knowledge and Demonstration Preparation
MST-0271,07,"Cybersecurity, Networks, Linux, And Infrastructure Credentials",Linux Foundation CKA: Knowledge and Demonstration Preparation
MST-0272,07,"Cybersecurity, Networks, Linux, And Infrastructure Credentials",Linux Foundation CKAD: Knowledge and Demonstration Preparation
MST-0273,07,"Cybersecurity, Networks, Linux, And Infrastructure Credentials",Linux Foundation CKS: Knowledge and Demonstration Preparation
MST-0274,07,"Cybersecurity, Networks, Linux, And Infrastructure Credentials",Linux Foundation KCNA
MST-0275,07,"Cybersecurity, Networks, Linux, And Infrastructure Credentials",Linux Foundation KCSA
MST-0276,07,"Cybersecurity, Networks, Linux, And Infrastructure Credentials",LPI Linux Essentials
MST-0277,07,"Cybersecurity, Networks, Linux, And Infrastructure Credentials",LPI LPIC-1: Exam 101
MST-0278,07,"Cybersecurity, Networks, Linux, And Infrastructure Credentials",LPI LPIC-1: Exam 102
MST-0279,07,"Cybersecurity, Networks, Linux, And Infrastructure Credentials",LPI LPIC-2: Exam 201
MST-0280,07,"Cybersecurity, Networks, Linux, And Infrastructure Credentials",LPI LPIC-2: Exam 202
MST-0281,07,"Cybersecurity, Networks, Linux, And Infrastructure Credentials",HashiCorp Terraform Associate
MST-0282,07,"Cybersecurity, Networks, Linux, And Infrastructure Credentials",HashiCorp Vault Associate
MST-0283,07,"Cybersecurity, Networks, Linux, And Infrastructure Credentials",GIAC Security Essentials: GSEC
MST-0284,07,"Cybersecurity, Networks, Linux, And Infrastructure Credentials",GIAC Certified Incident Handler: GCIH
MST-0285,07,"Cybersecurity, Networks, Linux, And Infrastructure Credentials",GIAC Certified Forensic Analyst: GCFA
MST-0286,07,"Cybersecurity, Networks, Linux, And Infrastructure Credentials",GIAC Certified Intrusion Analyst: GCIA
MST-0287,07,"Cybersecurity, Networks, Linux, And Infrastructure Credentials",GIAC Cloud Security Automation: GCSA
MST-0288,07,"Cybersecurity, Networks, Linux, And Infrastructure Credentials",GIAC Global Industrial Cyber Security Professional: GICSP
MST-0289,07,"Cybersecurity, Networks, Linux, And Infrastructure Credentials",EC-Council Certified Ethical Hacker: CEH Knowledge Preparation
MST-0290,07,"Cybersecurity, Networks, Linux, And Infrastructure Credentials",OffSec OSCP: Authorized-Lab Knowledge and Demonstration Preparation
MST-0291,08,"Hr, Supply Chain, Quality, And Safety Credentials",SHRM Certified Professional: SHRM-CP
MST-0292,08,"Hr, Supply Chain, Quality, And Safety Credentials",SHRM Senior Certified Professional: SHRM-SCP
MST-0293,08,"Hr, Supply Chain, Quality, And Safety Credentials",HRCI Associate Professional in Human Resources: aPHR
MST-0294,08,"Hr, Supply Chain, Quality, And Safety Credentials",HRCI Professional in Human Resources: PHR
MST-0295,08,"Hr, Supply Chain, Quality, And Safety Credentials",HRCI Senior Professional in Human Resources: SPHR
MST-0296,08,"Hr, Supply Chain, Quality, And Safety Credentials",HRCI Global Professional in Human Resources: GPHR
MST-0297,08,"Hr, Supply Chain, Quality, And Safety Credentials",HRCI Professional in Human Resources International: PHRi
MST-0298,08,"Hr, Supply Chain, Quality, And Safety Credentials",HRCI Senior Professional in Human Resources International: SPHRi
MST-0299,08,"Hr, Supply Chain, Quality, And Safety Credentials",ATD Associate Professional in Talent Development: APTD
MST-0300,08,"Hr, Supply Chain, Quality, And Safety Credentials",ATD Certified Professional in Talent Development: CPTD
MST-0301,08,"Hr, Supply Chain, Quality, And Safety Credentials",PayrollOrg Fundamental Payroll Certification: FPC
MST-0302,08,"Hr, Supply Chain, Quality, And Safety Credentials",PayrollOrg Certified Payroll Professional: CPP
MST-0303,08,"Hr, Supply Chain, Quality, And Safety Credentials",ASCM APICS Certified in Planning and Inventory Management: CPIM
MST-0304,08,"Hr, Supply Chain, Quality, And Safety Credentials",ASCM APICS Certified Supply Chain Professional: CSCP
MST-0305,08,"Hr, Supply Chain, Quality, And Safety Credentials","ASCM APICS Certified in Logistics, Transportation and Distribution: CLTD"
MST-0306,08,"Hr, Supply Chain, Quality, And Safety Credentials",ASCM APICS Certified in Transformation for Supply Chain: CTSC
MST-0307,08,"Hr, Supply Chain, Quality, And Safety Credentials",ISM CPSM: Supply Management Core Examination
MST-0308,08,"Hr, Supply Chain, Quality, And Safety Credentials",ISM CPSM: Supply Management Integration Examination
MST-0309,08,"Hr, Supply Chain, Quality, And Safety Credentials",ISM CPSM: Leadership and Transformation in Supply Management Examination
MST-0310,08,"Hr, Supply Chain, Quality, And Safety Credentials",ISM Certified Professional in Supplier Diversity: CPSD
MST-0311,08,"Hr, Supply Chain, Quality, And Safety Credentials",ASQ Certified Six Sigma Yellow Belt: CSSYB
MST-0312,08,"Hr, Supply Chain, Quality, And Safety Credentials",ASQ Certified Six Sigma Green Belt: CSSGB
MST-0313,08,"Hr, Supply Chain, Quality, And Safety Credentials",ASQ Certified Six Sigma Black Belt: CSSBB
MST-0314,08,"Hr, Supply Chain, Quality, And Safety Credentials",ASQ Certified Master Black Belt: CMBB
MST-0315,08,"Hr, Supply Chain, Quality, And Safety Credentials",ASQ Certified Quality Engineer: CQE
MST-0316,08,"Hr, Supply Chain, Quality, And Safety Credentials",ASQ Certified Quality Auditor: CQA
MST-0317,08,"Hr, Supply Chain, Quality, And Safety Credentials",ASQ Certified Manager of Quality/Organizational Excellence: CMQ/OE
MST-0318,08,"Hr, Supply Chain, Quality, And Safety Credentials",ASQ Certified Reliability Engineer: CRE
MST-0319,08,"Hr, Supply Chain, Quality, And Safety Credentials",ASQ Certified Software Quality Engineer: CSQE
MST-0320,08,"Hr, Supply Chain, Quality, And Safety Credentials",ASQ Certified Supplier Quality Professional: CSQP
MST-0321,08,"Hr, Supply Chain, Quality, And Safety Credentials",ASQ Certified Quality Improvement Associate: CQIA
MST-0322,08,"Hr, Supply Chain, Quality, And Safety Credentials",ASQ Certified Quality Process Analyst: CQPA
MST-0323,08,"Hr, Supply Chain, Quality, And Safety Credentials",ASQ Certified Quality Technician: CQT
MST-0324,08,"Hr, Supply Chain, Quality, And Safety Credentials",ASQ Certified Quality Inspector: CQI
MST-0325,08,"Hr, Supply Chain, Quality, And Safety Credentials",ASQ Certified Calibration Technician: CCT
MST-0326,08,"Hr, Supply Chain, Quality, And Safety Credentials",ASQ Certified Pharmaceutical GMP Professional: CPGP
MST-0327,08,"Hr, Supply Chain, Quality, And Safety Credentials",BCSP Associate Safety Professional: ASP
MST-0328,08,"Hr, Supply Chain, Quality, And Safety Credentials",BCSP Certified Safety Professional: CSP
MST-0329,08,"Hr, Supply Chain, Quality, And Safety Credentials",BCSP Construction Health and Safety Technician: CHST
MST-0330,08,"Hr, Supply Chain, Quality, And Safety Credentials",BCSP Occupational Hygiene and Safety Technician: OHST
MST-0331,08,"Hr, Supply Chain, Quality, And Safety Credentials",BCSP Safety Management Specialist: SMS
MST-0332,08,"Hr, Supply Chain, Quality, And Safety Credentials",BCSP Safety Trained Supervisor: STS
MST-0333,08,"Hr, Supply Chain, Quality, And Safety Credentials",BCSP Safety Trained Supervisor Construction: STSC
MST-0334,08,"Hr, Supply Chain, Quality, And Safety Credentials",BGC Certified Industrial Hygienist: CIH
MST-0335,08,"Hr, Supply Chain, Quality, And Safety Credentials",NEBOSH International General Certificate: Knowledge Preparation
MST-0336,08,"Hr, Supply Chain, Quality, And Safety Credentials",NEBOSH National General Certificate: Knowledge Preparation
MST-0337,08,"Hr, Supply Chain, Quality, And Safety Credentials",NEBOSH International Diploma: Knowledge Preparation
MST-0338,08,"Hr, Supply Chain, Quality, And Safety Credentials",IOSH Managing Safely: Independent Knowledge Preparation
MST-0339,08,"Hr, Supply Chain, Quality, And Safety Credentials",HRCI Professional in Human Resources — California: PHRca
MST-0340,08,"Hr, Supply Chain, Quality, And Safety Credentials",IFMA Certified Facility Manager: CFM
MST-0341,09,"Us Healthcare, Engineering, Education, And Licensing Examinations",NCLEX-RN: Registered Nurse Comprehensive Knowledge Preparation
MST-0342,09,"Us Healthcare, Engineering, Education, And Licensing Examinations",NCLEX-PN: Practical Nurse Comprehensive Knowledge Preparation
MST-0343,09,"Us Healthcare, Engineering, Education, And Licensing Examinations",USMLE Step 1: Foundational Medical Sciences
MST-0344,09,"Us Healthcare, Engineering, Education, And Licensing Examinations",USMLE Step 2 CK: Clinical Knowledge
MST-0345,09,"Us Healthcare, Engineering, Education, And Licensing Examinations",USMLE Step 3: Medical Knowledge and Case-Reasoning Preparation
MST-0346,09,"Us Healthcare, Engineering, Education, And Licensing Examinations",NBME Comprehensive Basic Science Examination Preparation
MST-0347,09,"Us Healthcare, Engineering, Education, And Licensing Examinations",NCCPA PANCE: Physician Assistant Knowledge Preparation
MST-0348,09,"Us Healthcare, Engineering, Education, And Licensing Examinations",NAPLEX: Pharmacist Licensure Knowledge Preparation
MST-0349,09,"Us Healthcare, Engineering, Education, And Licensing Examinations",PTCB Pharmacy Technician Certification Examination: PTCE
MST-0350,09,"Us Healthcare, Engineering, Education, And Licensing Examinations",AMT Registered Medical Assistant: RMA
MST-0351,09,"Us Healthcare, Engineering, Education, And Licensing Examinations",AAMA Certified Medical Assistant: CMA (AAMA)
MST-0352,09,"Us Healthcare, Engineering, Education, And Licensing Examinations",AHIMA Certified Coding Associate: CCA
MST-0353,09,"Us Healthcare, Engineering, Education, And Licensing Examinations",AHIMA Certified Coding Specialist: CCS
MST-0354,09,"Us Healthcare, Engineering, Education, And Licensing Examinations",AHIMA Registered Health Information Technician: RHIT
MST-0355,09,"Us Healthcare, Engineering, Education, And Licensing Examinations",AHIMA Registered Health Information Administrator: RHIA
MST-0356,09,"Us Healthcare, Engineering, Education, And Licensing Examinations",AAPC Certified Professional Coder: CPC
MST-0357,09,"Us Healthcare, Engineering, Education, And Licensing Examinations",AAPC Certified Outpatient Coder: COC
MST-0358,09,"Us Healthcare, Engineering, Education, And Licensing Examinations",AAPC Certified Inpatient Coder: CIC
MST-0359,09,"Us Healthcare, Engineering, Education, And Licensing Examinations",AAPC Certified Risk Adjustment Coder: CRC
MST-0360,09,"Us Healthcare, Engineering, Education, And Licensing Examinations",NAHQ Certified Professional in Healthcare Quality: CPHQ
MST-0361,09,"Us Healthcare, Engineering, Education, And Licensing Examinations",NREMT Emergency Medical Technician: Knowledge Preparation
MST-0362,09,"Us Healthcare, Engineering, Education, And Licensing Examinations",NREMT Paramedic Certification: Knowledge Preparation
MST-0363,09,"Us Healthcare, Engineering, Education, And Licensing Examinations",FSBPT National Physical Therapy Examination: NPTE-PT
MST-0364,09,"Us Healthcare, Engineering, Education, And Licensing Examinations",FSBPT Physical Therapist Assistant Examination: NPTE-PTA
MST-0365,09,"Us Healthcare, Engineering, Education, And Licensing Examinations",NBCOT Occupational Therapist Registered: OTR
MST-0366,09,"Us Healthcare, Engineering, Education, And Licensing Examinations",NBCOT Certified Occupational Therapy Assistant: COTA
MST-0367,09,"Us Healthcare, Engineering, Education, And Licensing Examinations",ARRT Radiography Examination: Knowledge Preparation
MST-0368,09,"Us Healthcare, Engineering, Education, And Licensing Examinations",ARDMS Sonography Principles and Instrumentation: SPI
MST-0369,09,"Us Healthcare, Engineering, Education, And Licensing Examinations",ASCP Medical Laboratory Scientist: MLS
MST-0370,09,"Us Healthcare, Engineering, Education, And Licensing Examinations",CDR Registered Dietitian Examination: Knowledge Preparation
MST-0371,09,"Us Healthcare, Engineering, Education, And Licensing Examinations",NCEES FE Civil
MST-0372,09,"Us Healthcare, Engineering, Education, And Licensing Examinations",NCEES FE Mechanical
MST-0373,09,"Us Healthcare, Engineering, Education, And Licensing Examinations",NCEES FE Electrical and Computer
MST-0374,09,"Us Healthcare, Engineering, Education, And Licensing Examinations",NCEES FE Chemical
MST-0375,09,"Us Healthcare, Engineering, Education, And Licensing Examinations",NCEES FE Environmental
MST-0376,09,"Us Healthcare, Engineering, Education, And Licensing Examinations",NCEES FE Industrial and Systems
MST-0377,09,"Us Healthcare, Engineering, Education, And Licensing Examinations",NCEES FE Other Disciplines
MST-0378,09,"Us Healthcare, Engineering, Education, And Licensing Examinations",NCEES PE Civil: Construction
MST-0379,09,"Us Healthcare, Engineering, Education, And Licensing Examinations",NCEES PE Civil: Geotechnical
MST-0380,09,"Us Healthcare, Engineering, Education, And Licensing Examinations",NCEES PE Civil: Structural
MST-0381,09,"Us Healthcare, Engineering, Education, And Licensing Examinations",NCEES PE Civil: Transportation
MST-0382,09,"Us Healthcare, Engineering, Education, And Licensing Examinations",NCEES PE Civil: Water Resources and Environmental
MST-0383,09,"Us Healthcare, Engineering, Education, And Licensing Examinations",NCEES PE Mechanical: HVAC and Refrigeration
MST-0384,09,"Us Healthcare, Engineering, Education, And Licensing Examinations",NCEES PE Mechanical: Machine Design and Materials
MST-0385,09,"Us Healthcare, Engineering, Education, And Licensing Examinations",NCEES PE Mechanical: Thermal and Fluid Systems
MST-0386,09,"Us Healthcare, Engineering, Education, And Licensing Examinations",NCEES PE Electrical and Computer: Power
MST-0387,09,"Us Healthcare, Engineering, Education, And Licensing Examinations",Praxis Core: Reading
MST-0388,09,"Us Healthcare, Engineering, Education, And Licensing Examinations",Praxis Core: Writing Knowledge and Response-Analysis Preparation
MST-0389,09,"Us Healthcare, Engineering, Education, And Licensing Examinations",Praxis Core: Mathematics
MST-0390,09,"Us Healthcare, Engineering, Education, And Licensing Examinations",Praxis Elementary Education: Multiple Subjects Preparation
MST-0391,10,"Language Proficiency, Admissions, And Academic Skills",IELTS Academic: Complete Four-Skill Teaching and Knowledge Practice
MST-0392,10,"Language Proficiency, Admissions, And Academic Skills",IELTS General Training: Complete Four-Skill Teaching and Knowledge Practice
MST-0393,10,"Language Proficiency, Admissions, And Academic Skills",IELTS Academic Writing: Task Analysis and Model-Response Evaluation
MST-0394,10,"Language Proficiency, Admissions, And Academic Skills",IELTS General Training Writing: Letters and Essays
MST-0395,10,"Language Proficiency, Admissions, And Academic Skills","IELTS Speaking: Fluency, Pronunciation, and Response Strategy"
MST-0396,10,"Language Proficiency, Admissions, And Academic Skills",IELTS Listening: Comprehension and Test Strategy
MST-0397,10,"Language Proficiency, Admissions, And Academic Skills",IELTS Academic Reading: Advanced Comprehension and Evidence
MST-0398,10,"Language Proficiency, Admissions, And Academic Skills",IELTS General Training Reading: Workplace and Everyday Texts
MST-0399,10,"Language Proficiency, Admissions, And Academic Skills",TOEFL iBT: Comprehensive Test Preparation
MST-0400,10,"Language Proficiency, Admissions, And Academic Skills",PTE Academic: Comprehensive Test Preparation
MST-0401,10,"Language Proficiency, Admissions, And Academic Skills",OET Nursing: Healthcare English Preparation
MST-0402,10,"Language Proficiency, Admissions, And Academic Skills",OET Medicine: Clinical Communication Preparation
MST-0403,10,"Language Proficiency, Admissions, And Academic Skills",Duolingo English Test: Comprehensive Preparation
MST-0404,10,"Language Proficiency, Admissions, And Academic Skills",Cambridge B2 First: Comprehensive Preparation
MST-0405,10,"Language Proficiency, Admissions, And Academic Skills",Cambridge C1 Advanced: Comprehensive Preparation
MST-0406,10,"Language Proficiency, Admissions, And Academic Skills",Cambridge C2 Proficiency: Comprehensive Preparation
MST-0407,10,"Language Proficiency, Admissions, And Academic Skills",TOEIC Listening and Reading Preparation
MST-0408,10,"Language Proficiency, Admissions, And Academic Skills",TOEIC Speaking and Writing: Knowledge and Model-Response Preparation
MST-0409,10,"Language Proficiency, Admissions, And Academic Skills",CELPIP General: Comprehensive Preparation
MST-0410,10,"Language Proficiency, Admissions, And Academic Skills","SAT: Reading, Writing, and Mathematics"
MST-0411,10,"Language Proficiency, Admissions, And Academic Skills",ACT: Comprehensive Admissions Test Preparation
MST-0412,10,"Language Proficiency, Admissions, And Academic Skills",GRE General Test: Comprehensive Preparation
MST-0413,10,"Language Proficiency, Admissions, And Academic Skills",GMAT: Current-Format Comprehensive Preparation
MST-0414,10,"Language Proficiency, Admissions, And Academic Skills",LSAT: Comprehensive Admissions Test Preparation
MST-0415,10,"Language Proficiency, Admissions, And Academic Skills",MCAT: Comprehensive Admissions Test Preparation
MST-0416,10,"Language Proficiency, Admissions, And Academic Skills",GED: Comprehensive High-School Equivalency Preparation
MST-0417,10,"Language Proficiency, Admissions, And Academic Skills",AP Calculus AB: Full-Syllabus Teaching
MST-0418,10,"Language Proficiency, Admissions, And Academic Skills",AP Calculus BC: Full-Syllabus Teaching
MST-0419,10,"Language Proficiency, Admissions, And Academic Skills",AP Statistics: Full-Syllabus Teaching
MST-0420,10,"Language Proficiency, Admissions, And Academic Skills",AP Computer Science A: Full-Syllabus Teaching
MST-0421,10,"Language Proficiency, Admissions, And Academic Skills",AP Computer Science Principles: Full-Syllabus Teaching
MST-0422,10,"Language Proficiency, Admissions, And Academic Skills",AP Microeconomics: Full-Syllabus Teaching
MST-0423,10,"Language Proficiency, Admissions, And Academic Skills",AP Macroeconomics: Full-Syllabus Teaching
MST-0424,10,"Language Proficiency, Admissions, And Academic Skills",AP Biology: Full-Syllabus Teaching
MST-0425,10,"Language Proficiency, Admissions, And Academic Skills",AP Chemistry: Full-Syllabus Teaching
MST-0426,10,"Language Proficiency, Admissions, And Academic Skills",Goethe-Zertifikat B2: German Language Preparation
MST-0427,10,"Language Proficiency, Admissions, And Academic Skills",DELF B2: French Language Preparation
MST-0428,10,"Language Proficiency, Admissions, And Academic Skills",DELE B2: Spanish Language Preparation
MST-0429,10,"Language Proficiency, Admissions, And Academic Skills",JLPT N2: Japanese Language Preparation
MST-0430,10,"Language Proficiency, Admissions, And Academic Skills",TOPIK II: Korean Language Preparation
MST-0431,11,Artificial Intelligence And Machine-Learning Foundations,Artificial Intelligence Foundations for Nontechnical Professionals
MST-0432,11,Artificial Intelligence And Machine-Learning Foundations,"AI Literacy, Limitations, and Responsible Workplace Use"
MST-0433,11,Artificial Intelligence And Machine-Learning Foundations,Mathematics for Machine Learning: Linear Algebra and Calculus
MST-0434,11,Artificial Intelligence And Machine-Learning Foundations,Probability and Statistical Inference for Machine Learning
MST-0435,11,Artificial Intelligence And Machine-Learning Foundations,Python Programming for Machine-Learning Applications
MST-0436,11,Artificial Intelligence And Machine-Learning Foundations,Supervised Learning: Regression and Classification
MST-0437,11,Artificial Intelligence And Machine-Learning Foundations,Unsupervised Learning: Clustering and Dimensionality Reduction
MST-0438,11,Artificial Intelligence And Machine-Learning Foundations,Feature Engineering and Feature Selection
MST-0439,11,Artificial Intelligence And Machine-Learning Foundations,Machine-Learning Experiment Design and Validation
MST-0440,11,Artificial Intelligence And Machine-Learning Foundations,Interpretable Machine Learning and Explainability
MST-0441,11,Artificial Intelligence And Machine-Learning Foundations,Deep Learning with PyTorch
MST-0442,11,Artificial Intelligence And Machine-Learning Foundations,Deep Learning with TensorFlow and Keras
MST-0443,11,Artificial Intelligence And Machine-Learning Foundations,Neural Network Architectures and Optimization
MST-0444,11,Artificial Intelligence And Machine-Learning Foundations,Natural Language Processing with Transformers
MST-0445,11,Artificial Intelligence And Machine-Learning Foundations,"Computer Vision: Recognition, Detection, and Segmentation"
MST-0446,11,Artificial Intelligence And Machine-Learning Foundations,Speech Recognition and Audio Machine Learning
MST-0447,11,Artificial Intelligence And Machine-Learning Foundations,Time-Series Forecasting with Machine Learning
MST-0448,11,Artificial Intelligence And Machine-Learning Foundations,Recommendation Systems and Personalization
MST-0449,11,Artificial Intelligence And Machine-Learning Foundations,Reinforcement Learning Foundations and Applications
MST-0450,11,Artificial Intelligence And Machine-Learning Foundations,Graph Machine Learning and Graph Neural Networks
MST-0451,11,Artificial Intelligence And Machine-Learning Foundations,Generative AI Architecture and Model Capabilities
MST-0452,11,Artificial Intelligence And Machine-Learning Foundations,Large Language Model Training and Adaptation
MST-0453,11,Artificial Intelligence And Machine-Learning Foundations,Fine-Tuning Language Models with Parameter-Efficient Methods
MST-0454,11,Artificial Intelligence And Machine-Learning Foundations,Model Quantization and Efficient Inference
MST-0455,11,Artificial Intelligence And Machine-Learning Foundations,"Multimodal AI: Text, Images, Audio, and Video"
MST-0456,11,Artificial Intelligence And Machine-Learning Foundations,Synthetic Data Generation and Quality Assurance
MST-0457,11,Artificial Intelligence And Machine-Learning Foundations,Small Language Models and Edge AI
MST-0458,11,Artificial Intelligence And Machine-Learning Foundations,Open-Weight Language Models: Selection and Deployment
MST-0459,11,Artificial Intelligence And Machine-Learning Foundations,Hugging Face Transformers and Model Workflows
MST-0460,11,Artificial Intelligence And Machine-Learning Foundations,MLOps: From Experiment to Production
MST-0461,11,Artificial Intelligence And Machine-Learning Foundations,Machine-Learning Monitoring and Drift Management
MST-0462,11,Artificial Intelligence And Machine-Learning Foundations,AI Model Evaluation and Benchmark Design
MST-0463,11,Artificial Intelligence And Machine-Learning Foundations,Human-in-the-Loop AI System Design
MST-0464,11,Artificial Intelligence And Machine-Learning Foundations,Data Labeling and Annotation Operations
MST-0465,11,Artificial Intelligence And Machine-Learning Foundations,Federated Learning and Privacy-Preserving Machine Learning
MST-0466,11,Artificial Intelligence And Machine-Learning Foundations,Causal Machine Learning for Business Decisions
MST-0467,11,Artificial Intelligence And Machine-Learning Foundations,Bayesian Modeling and Probabilistic Machine Learning
MST-0468,11,Artificial Intelligence And Machine-Learning Foundations,AI Product Discovery and Problem Framing
MST-0469,11,Artificial Intelligence And Machine-Learning Foundations,"AI Economics: Cost, Latency, Quality, and Value"
MST-0470,11,Artificial Intelligence And Machine-Learning Foundations,Responsible AI Governance and Model Documentation
MST-0471,12,"Chatgpt, Openai, And Codex Applications",ChatGPT for Work: Current Features and Complete Professional Workflow
MST-0472,12,"Chatgpt, Openai, And Codex Applications",Advanced ChatGPT Prompting and Context Management
MST-0473,12,"Chatgpt, Openai, And Codex Applications",ChatGPT Projects and Reusable Team Knowledge
MST-0474,12,"Chatgpt, Openai, And Codex Applications","Custom GPT Design, Testing, and Governance"
MST-0475,12,"Chatgpt, Openai, And Codex Applications","ChatGPT Research: Sources, Verification, and Synthesis"
MST-0476,12,"Chatgpt, Openai, And Codex Applications",ChatGPT Data Analysis with Spreadsheets and Files
MST-0477,12,"Chatgpt, Openai, And Codex Applications",ChatGPT for Executive Writing and Business Documents
MST-0478,12,"Chatgpt, Openai, And Codex Applications",ChatGPT for Presentations and Storytelling
MST-0479,12,"Chatgpt, Openai, And Codex Applications",ChatGPT for Financial Analysis and Management Reporting
MST-0480,12,"Chatgpt, Openai, And Codex Applications",ChatGPT for Market Research and Competitive Analysis
MST-0481,12,"Chatgpt, Openai, And Codex Applications",ChatGPT for Customer-Service Knowledge Workflows
MST-0482,12,"Chatgpt, Openai, And Codex Applications",ChatGPT for Learning Design and Personalized Study
MST-0483,12,"Chatgpt, Openai, And Codex Applications",ChatGPT for Recruitment and Structured Interview Preparation
MST-0484,12,"Chatgpt, Openai, And Codex Applications",ChatGPT for Sales Proposals and Account Planning
MST-0485,12,"Chatgpt, Openai, And Codex Applications",ChatGPT for Operations Manuals and Process Documentation
MST-0486,12,"Chatgpt, Openai, And Codex Applications",ChatGPT for Contract Review Support and Issue Spotting
MST-0487,12,"Chatgpt, Openai, And Codex Applications",ChatGPT for Product Requirements and User Stories
MST-0488,12,"Chatgpt, Openai, And Codex Applications",ChatGPT for Software Debugging and Code Explanation
MST-0489,12,"Chatgpt, Openai, And Codex Applications",ChatGPT Image Generation and Visual-Brief Development
MST-0490,12,"Chatgpt, Openai, And Codex Applications",ChatGPT Voice and Multimodal Collaboration
MST-0491,12,"Chatgpt, Openai, And Codex Applications",ChatGPT Business Workspace Administration and Adoption
MST-0492,12,"Chatgpt, Openai, And Codex Applications",ChatGPT Enterprise Permissions and Information Governance
MST-0493,12,"Chatgpt, Openai, And Codex Applications",ChatGPT Connected-App Workflows and Approval Controls
MST-0494,12,"Chatgpt, Openai, And Codex Applications","ChatGPT Agent Workflows: Planning, Supervision, and Verification"
MST-0495,12,"Chatgpt, Openai, And Codex Applications",ChatGPT Reusable Skills and Governed Team Procedures
MST-0496,12,"Chatgpt, Openai, And Codex Applications",OpenAI API Foundations and Secure Authentication
MST-0497,12,"Chatgpt, Openai, And Codex Applications",OpenAI Responses API: Production Application Development
MST-0498,12,"Chatgpt, Openai, And Codex Applications",OpenAI Structured Outputs and Schema Validation
MST-0499,12,"Chatgpt, Openai, And Codex Applications",OpenAI Function Calling and Tool Integration
MST-0500,12,"Chatgpt, Openai, And Codex Applications",OpenAI Agents SDK: Orchestration and Handoffs
MST-0501,12,"Chatgpt, Openai, And Codex Applications",OpenAI Retrieval and File-Search Application Design
MST-0502,12,"Chatgpt, Openai, And Codex Applications",OpenAI Realtime Voice Application Development
MST-0503,12,"Chatgpt, Openai, And Codex Applications",OpenAI Vision and Document-Understanding Applications
MST-0504,12,"Chatgpt, Openai, And Codex Applications",OpenAI Image API: Creative Production Workflows
MST-0505,12,"Chatgpt, Openai, And Codex Applications",OpenAI Model Evaluation and Regression Testing
MST-0506,12,"Chatgpt, Openai, And Codex Applications",OpenAI API Cost Optimization and Rate-Limit Engineering
MST-0507,12,"Chatgpt, Openai, And Codex Applications","OpenAI Safety, Guardrails, and Prompt-Injection Defenses"
MST-0508,12,"Chatgpt, Openai, And Codex Applications",Codex for Repository Understanding and Feature Development
MST-0509,12,"Chatgpt, Openai, And Codex Applications","Codex for Testing, Code Review, and Controlled Refactoring"
MST-0510,12,"Chatgpt, Openai, And Codex Applications","Building a Production AI Assistant with React, .NET, and OpenAI"
MST-0511,13,"Claude, Anthropic, And Claude Code Applications",Claude for Work: Current Features and Professional Foundations
MST-0512,13,"Claude, Anthropic, And Claude Code Applications",Claude Prompt Design and Structured Task Instructions
MST-0513,13,"Claude, Anthropic, And Claude Code Applications",Claude Projects: Knowledge Organization and Team Workflows
MST-0514,13,"Claude, Anthropic, And Claude Code Applications",Claude Artifacts: Interactive Content and Application Prototypes
MST-0515,13,"Claude, Anthropic, And Claude Code Applications",Claude Research and Evidence-Based Synthesis
MST-0516,13,"Claude, Anthropic, And Claude Code Applications",Claude for Financial Modeling and Spreadsheet Analysis
MST-0517,13,"Claude, Anthropic, And Claude Code Applications",Claude for Board Papers and Executive Communication
MST-0518,13,"Claude, Anthropic, And Claude Code Applications",Claude for Contract Analysis and Policy Drafting Support
MST-0519,13,"Claude, Anthropic, And Claude Code Applications",Claude for Long-Document Review and Cross-Document Comparison
MST-0520,13,"Claude, Anthropic, And Claude Code Applications",Claude for Course Authoring and Learning-Outcome Mapping
MST-0521,13,"Claude, Anthropic, And Claude Code Applications",Claude for Presentation Planning and Slide Content
MST-0522,13,"Claude, Anthropic, And Claude Code Applications",Claude for Business Process Design and Standard Operating Procedures
MST-0523,13,"Claude, Anthropic, And Claude Code Applications",Claude for Product Management and Requirements Analysis
MST-0524,13,"Claude, Anthropic, And Claude Code Applications",Claude for Customer Research and Qualitative Analysis
MST-0525,13,"Claude, Anthropic, And Claude Code Applications",Claude for Data Cleaning and Analytical Reporting
MST-0526,13,"Claude, Anthropic, And Claude Code Applications",Claude Team and Enterprise Adoption and Administration
MST-0527,13,"Claude, Anthropic, And Claude Code Applications",Claude Connectors: Permissions and Verified Tool Workflows
MST-0528,13,"Claude, Anthropic, And Claude Code Applications",Claude Skills: Building Reusable Professional Procedures
MST-0529,13,"Claude, Anthropic, And Claude Code Applications","Claude Skills for Excel, Word, PowerPoint, and PDF Workflows"
MST-0530,13,"Claude, Anthropic, And Claude Code Applications","Claude Skill Evaluation, Versioning, and Distribution"
MST-0531,13,"Claude, Anthropic, And Claude Code Applications",Claude Code Foundations: Terminal and Repository Workflows
MST-0532,13,"Claude, Anthropic, And Claude Code Applications",Claude Code with CLAUDE.md and Project Context
MST-0533,13,"Claude, Anthropic, And Claude Code Applications",Claude Code Planning and Multi-File Feature Development
MST-0534,13,"Claude, Anthropic, And Claude Code Applications",Claude Code for .NET and C# Application Engineering
MST-0535,13,"Claude, Anthropic, And Claude Code Applications",Claude Code for React and TypeScript Applications
MST-0536,13,"Claude, Anthropic, And Claude Code Applications",Claude Code for Python Data and Automation Projects
MST-0537,13,"Claude, Anthropic, And Claude Code Applications",Claude Code Test-Driven Development and Regression Repair
MST-0538,13,"Claude, Anthropic, And Claude Code Applications",Claude Code Codebase Audits and Refactoring
MST-0539,13,"Claude, Anthropic, And Claude Code Applications",Claude Code Subagents and Task Decomposition
MST-0540,13,"Claude, Anthropic, And Claude Code Applications",Claude Code Hooks and Controlled Automation
MST-0541,13,"Claude, Anthropic, And Claude Code Applications",Claude Code MCP Integration and Tool Security
MST-0542,13,"Claude, Anthropic, And Claude Code Applications",Claude Code CI Workflows and Pull-Request Review
MST-0543,13,"Claude, Anthropic, And Claude Code Applications","Claude Code Permissions, Sandboxing, and Secret Protection"
MST-0544,13,"Claude, Anthropic, And Claude Code Applications",Claude Code Context Management and Cost Control
MST-0545,13,"Claude, Anthropic, And Claude Code Applications",Anthropic API Foundations and Production Integration
MST-0546,13,"Claude, Anthropic, And Claude Code Applications",Anthropic Tool Use and Structured-Output Workflows
MST-0547,13,"Claude, Anthropic, And Claude Code Applications",Anthropic Prompt Caching and Token Optimization
MST-0548,13,"Claude, Anthropic, And Claude Code Applications",Claude Document Processing with Citations and Evidence
MST-0549,13,"Claude, Anthropic, And Claude Code Applications","Claude Agent Reliability, Evaluations, and Failure Recovery"
MST-0550,13,"Claude, Anthropic, And Claude Code Applications",Building a Claude-Powered Knowledge Assistant with .NET and MySQL
MST-0551,14,Cursor And Ai-Assisted Software-Development Tools,"Cursor Foundations: Editor, Agent, and Codebase Navigation"
MST-0552,14,Cursor And Ai-Assisted Software-Development Tools,Cursor Rules and Repository Instruction Design
MST-0553,14,Cursor And Ai-Assisted Software-Development Tools,Cursor Agent Planning and Feature Implementation
MST-0554,14,Cursor And Ai-Assisted Software-Development Tools,Cursor Context Engineering for Large Codebases
MST-0555,14,Cursor And Ai-Assisted Software-Development Tools,Cursor for React and TypeScript Frontend Development
MST-0556,14,Cursor And Ai-Assisted Software-Development Tools,Cursor for .NET and C# Backend Development
MST-0557,14,Cursor And Ai-Assisted Software-Development Tools,Cursor for Python Application Development
MST-0558,14,Cursor And Ai-Assisted Software-Development Tools,Cursor for Java and Spring Boot Development
MST-0559,14,Cursor And Ai-Assisted Software-Development Tools,Cursor for SQL and Database Refactoring
MST-0560,14,Cursor And Ai-Assisted Software-Development Tools,Cursor for Automated Testing and Defect Repair
MST-0561,14,Cursor And Ai-Assisted Software-Development Tools,Cursor for Safe Legacy-Code Modernization
MST-0562,14,Cursor And Ai-Assisted Software-Development Tools,Cursor MCP Servers and Enterprise Tool Connections
MST-0563,14,Cursor And Ai-Assisted Software-Development Tools,Cursor Skills and Reusable Engineering Workflows
MST-0564,14,Cursor And Ai-Assisted Software-Development Tools,Cursor CLI and Headless Automation
MST-0565,14,Cursor And Ai-Assisted Software-Development Tools,Cursor Cloud Agents: Environment Setup and Review Controls
MST-0566,14,Cursor And Ai-Assisted Software-Development Tools,Cursor Pull-Request Review and Bugbot Workflows
MST-0567,14,Cursor And Ai-Assisted Software-Development Tools,Cursor Team Administration and Security Governance
MST-0568,14,Cursor And Ai-Assisted Software-Development Tools,Cursor Model Selection and Usage Optimization
MST-0569,14,Cursor And Ai-Assisted Software-Development Tools,GitHub Copilot for Everyday Software Development
MST-0570,14,Cursor And Ai-Assisted Software-Development Tools,GitHub Copilot for Test Generation and Code Review
MST-0571,14,Cursor And Ai-Assisted Software-Development Tools,GitHub Copilot Agents and Repository Customization
MST-0572,14,Cursor And Ai-Assisted Software-Development Tools,AI Coding Assistant Benchmarking and Tool Selection
MST-0573,14,Cursor And Ai-Assisted Software-Development Tools,AI-Assisted Debugging Across Application Layers
MST-0574,14,Cursor And Ai-Assisted Software-Development Tools,AI-Assisted Secure Code Review and Remediation
MST-0575,14,Cursor And Ai-Assisted Software-Development Tools,AI Pair Programming: Human Review and Accountability
MST-0576,14,Cursor And Ai-Assisted Software-Development Tools,Building Software from Specifications with AI Coding Agents
MST-0577,14,Cursor And Ai-Assisted Software-Development Tools,Figma-to-Frontend Workflows with AI Coding Tools
MST-0578,14,Cursor And Ai-Assisted Software-Development Tools,AI-Assisted Database Migration Planning and Validation
MST-0579,14,Cursor And Ai-Assisted Software-Development Tools,Multi-Agent Software Delivery with Branch and Merge Controls
MST-0580,14,Cursor And Ai-Assisted Software-Development Tools,Production Readiness Reviews for AI-Generated Applications
MST-0581,15,"Rag, Prompt Engineering, Agents, And Ai-System Reliability",Prompt Engineering: Foundations to Professional Application
MST-0582,15,"Rag, Prompt Engineering, Agents, And Ai-System Reliability",Advanced Prompt Engineering for Reasoning and Decision Tasks
MST-0583,15,"Rag, Prompt Engineering, Agents, And Ai-System Reliability",Prompt Engineering for Structured Data Extraction
MST-0584,15,"Rag, Prompt Engineering, Agents, And Ai-System Reliability",Prompt Engineering for Multimodal Inputs and Outputs
MST-0585,15,"Rag, Prompt Engineering, Agents, And Ai-System Reliability",Prompt Engineering for Technical Writing and Code Tasks
MST-0586,15,"Rag, Prompt Engineering, Agents, And Ai-System Reliability","Prompt Evaluation, Versioning, and Regression Testing"
MST-0587,15,"Rag, Prompt Engineering, Agents, And Ai-System Reliability",Context Engineering for Production AI Systems
MST-0588,15,"Rag, Prompt Engineering, Agents, And Ai-System Reliability","Prompt Libraries, Templates, and Enterprise Governance"
MST-0589,15,"Rag, Prompt Engineering, Agents, And Ai-System Reliability",Retrieval-Augmented Generation: Complete System Foundations
MST-0590,15,"Rag, Prompt Engineering, Agents, And Ai-System Reliability",RAG Data Ingestion and Document Normalization
MST-0591,15,"Rag, Prompt Engineering, Agents, And Ai-System Reliability","RAG Chunking, Metadata, and Indexing Strategies"
MST-0592,15,"Rag, Prompt Engineering, Agents, And Ai-System Reliability",Embedding Models and Semantic Similarity
MST-0593,15,"Rag, Prompt Engineering, Agents, And Ai-System Reliability",Vector Database Selection and Index Engineering
MST-0594,15,"Rag, Prompt Engineering, Agents, And Ai-System Reliability","Hybrid Search: Keyword, Vector, and Reranking"
MST-0595,15,"Rag, Prompt Engineering, Agents, And Ai-System Reliability",RAG Query Rewriting and Retrieval Routing
MST-0596,15,"Rag, Prompt Engineering, Agents, And Ai-System Reliability",RAG Evaluation: Retrieval Quality and Answer Grounding
MST-0597,15,"Rag, Prompt Engineering, Agents, And Ai-System Reliability",RAG Citation Design and Evidence Traceability
MST-0598,15,"Rag, Prompt Engineering, Agents, And Ai-System Reliability",RAG Access Control and Permission-Aware Retrieval
MST-0599,15,"Rag, Prompt Engineering, Agents, And Ai-System Reliability","Multimodal RAG for Documents, Images, and Tables"
MST-0600,15,"Rag, Prompt Engineering, Agents, And Ai-System Reliability",GraphRAG and Knowledge-Graph Retrieval
MST-0601,15,"Rag, Prompt Engineering, Agents, And Ai-System Reliability",Agentic RAG and Multi-Step Research Workflows
MST-0602,15,"Rag, Prompt Engineering, Agents, And Ai-System Reliability",Enterprise RAG with SharePoint and Microsoft Data
MST-0603,15,"Rag, Prompt Engineering, Agents, And Ai-System Reliability",RAG for Financial Statements and Regulatory Documents
MST-0604,15,"Rag, Prompt Engineering, Agents, And Ai-System Reliability",RAG for Technical Documentation and Codebases
MST-0605,15,"Rag, Prompt Engineering, Agents, And Ai-System Reliability",RAG for Customer Support and Product Knowledge
MST-0606,15,"Rag, Prompt Engineering, Agents, And Ai-System Reliability","RAG Freshness, Change Detection, and Reindexing"
MST-0607,15,"Rag, Prompt Engineering, Agents, And Ai-System Reliability","RAG Performance, Caching, and Cost Optimization"
MST-0608,15,"Rag, Prompt Engineering, Agents, And Ai-System Reliability",LangChain Application Engineering
MST-0609,15,"Rag, Prompt Engineering, Agents, And Ai-System Reliability",LangGraph Stateful Agent Orchestration
MST-0610,15,"Rag, Prompt Engineering, Agents, And Ai-System Reliability",LlamaIndex Knowledge-Application Engineering
MST-0611,15,"Rag, Prompt Engineering, Agents, And Ai-System Reliability",Haystack Search and RAG Pipelines
MST-0612,15,"Rag, Prompt Engineering, Agents, And Ai-System Reliability",Semantic Kernel AI Orchestration with .NET
MST-0613,15,"Rag, Prompt Engineering, Agents, And Ai-System Reliability",Model Context Protocol: Client and Server Foundations
MST-0614,15,"Rag, Prompt Engineering, Agents, And Ai-System Reliability",Secure MCP Server Development and Authorization
MST-0615,15,"Rag, Prompt Engineering, Agents, And Ai-System Reliability","Agent Tool Design, Contracts, and Validation"
MST-0616,15,"Rag, Prompt Engineering, Agents, And Ai-System Reliability",Multi-Agent Coordination and Delegation Patterns
MST-0617,15,"Rag, Prompt Engineering, Agents, And Ai-System Reliability",Human Approval Workflows for AI Agents
MST-0618,15,"Rag, Prompt Engineering, Agents, And Ai-System Reliability","Agent Memory, State, and Long-Running Task Design"
MST-0619,15,"Rag, Prompt Engineering, Agents, And Ai-System Reliability","Agent Observability, Tracing, and Replay"
MST-0620,15,"Rag, Prompt Engineering, Agents, And Ai-System Reliability",Agent Evaluation and Adversarial Reliability Testing
MST-0621,15,"Rag, Prompt Engineering, Agents, And Ai-System Reliability",AI Workflow Orchestration with n8n
MST-0622,15,"Rag, Prompt Engineering, Agents, And Ai-System Reliability",AI Workflow Orchestration with Make
MST-0623,15,"Rag, Prompt Engineering, Agents, And Ai-System Reliability",AI Workflow Orchestration with Zapier
MST-0624,15,"Rag, Prompt Engineering, Agents, And Ai-System Reliability",Prompt-Injection Defense and Untrusted-Content Handling
MST-0625,15,"Rag, Prompt Engineering, Agents, And Ai-System Reliability",AI Data Leakage Prevention and Secret Management
MST-0626,15,"Rag, Prompt Engineering, Agents, And Ai-System Reliability",LLM Application Threat Modeling
MST-0627,15,"Rag, Prompt Engineering, Agents, And Ai-System Reliability",AI Output Verification and Automated Quality Gates
MST-0628,15,"Rag, Prompt Engineering, Agents, And Ai-System Reliability",Natural-Language-to-SQL Systems with Read-Only Safeguards
MST-0629,15,"Rag, Prompt Engineering, Agents, And Ai-System Reliability",Document Extraction Agents with Reconciliation Controls
MST-0630,15,"Rag, Prompt Engineering, Agents, And Ai-System Reliability","Production AI Gateway: Routing, Fallbacks, Budgets, and Policies"
MST-0631,16,"Excel, Microsoft 365, And Copilot Productivity",Microsoft Excel: Complete Professional Foundations
MST-0632,16,"Excel, Microsoft 365, And Copilot Productivity",Advanced Excel Formulas and Dynamic Arrays
MST-0633,16,"Excel, Microsoft 365, And Copilot Productivity","Excel Tables, Data Validation, and Workbook Architecture"
MST-0634,16,"Excel, Microsoft 365, And Copilot Productivity",Excel PivotTables and Analytical Reporting
MST-0635,16,"Excel, Microsoft 365, And Copilot Productivity",Excel Power Query: Data Preparation and Transformation
MST-0636,16,"Excel, Microsoft 365, And Copilot Productivity",Excel Power Pivot and Data Modeling
MST-0637,16,"Excel, Microsoft 365, And Copilot Productivity",Excel Dashboards and Management Information Design
MST-0638,16,"Excel, Microsoft 365, And Copilot Productivity",Excel Financial Modeling and Scenario Analysis
MST-0639,16,"Excel, Microsoft 365, And Copilot Productivity","Excel Budgeting, Forecasting, and Variance Analysis"
MST-0640,16,"Excel, Microsoft 365, And Copilot Productivity",Excel Cash-Flow Forecasting and Working-Capital Models
MST-0641,16,"Excel, Microsoft 365, And Copilot Productivity",Excel Project Cost Control and Earned-Value Reporting
MST-0642,16,"Excel, Microsoft 365, And Copilot Productivity","Excel Inventory, Procurement, and Stock Analysis"
MST-0643,16,"Excel, Microsoft 365, And Copilot Productivity",Excel Human-Resources and Payroll Analytics
MST-0644,16,"Excel, Microsoft 365, And Copilot Productivity",Excel Sales and Customer-Profitability Analytics
MST-0645,16,"Excel, Microsoft 365, And Copilot Productivity",Excel Statistical Analysis and Decision Support
MST-0646,16,"Excel, Microsoft 365, And Copilot Productivity",Excel VBA: Automation and Maintainable Macros
MST-0647,16,"Excel, Microsoft 365, And Copilot Productivity",Excel Office Scripts and Workflow Automation
MST-0648,16,"Excel, Microsoft 365, And Copilot Productivity",Python in Excel: Analytical Workflows
MST-0649,16,"Excel, Microsoft 365, And Copilot Productivity","Copilot in Excel: Analysis, Formulas, and Verification"
MST-0650,16,"Excel, Microsoft 365, And Copilot Productivity",AI-Assisted Excel Data Cleaning and Reconciliation
MST-0651,16,"Excel, Microsoft 365, And Copilot Productivity",AI-Assisted Excel Forecasting and Sensitivity Analysis
MST-0652,16,"Excel, Microsoft 365, And Copilot Productivity",AI-Assisted Excel Dashboard Development
MST-0653,16,"Excel, Microsoft 365, And Copilot Productivity",AI-Assisted Excel Formula Auditing and Error Detection
MST-0654,16,"Excel, Microsoft 365, And Copilot Productivity",AI-Assisted Excel Financial Statement Analysis
MST-0655,16,"Excel, Microsoft 365, And Copilot Productivity","Excel Model Governance, Documentation, and Review"
MST-0656,16,"Excel, Microsoft 365, And Copilot Productivity",Microsoft Word: Professional Documents and Long Reports
MST-0657,16,"Excel, Microsoft 365, And Copilot Productivity","Advanced Word Styles, Templates, and Document Automation"
MST-0658,16,"Excel, Microsoft 365, And Copilot Productivity","Copilot in Word: Drafting, Editing, and Source Checking"
MST-0659,16,"Excel, Microsoft 365, And Copilot Productivity",Microsoft PowerPoint: Professional Presentation Design
MST-0660,16,"Excel, Microsoft 365, And Copilot Productivity",Advanced PowerPoint: Data Stories and Executive Decks
MST-0661,16,"Excel, Microsoft 365, And Copilot Productivity",Copilot in PowerPoint: From Brief to Reviewed Presentation
MST-0662,16,"Excel, Microsoft 365, And Copilot Productivity","Microsoft Outlook: Email, Calendar, and Work Management"
MST-0663,16,"Excel, Microsoft 365, And Copilot Productivity",Copilot in Outlook: Communication and Inbox Workflows
MST-0664,16,"Excel, Microsoft 365, And Copilot Productivity",Microsoft Teams: Collaboration and Meeting Management
MST-0665,16,"Excel, Microsoft 365, And Copilot Productivity",Copilot in Teams: Meeting Synthesis and Action Follow-Through
MST-0666,16,"Excel, Microsoft 365, And Copilot Productivity",Microsoft OneNote: Professional Knowledge Management
MST-0667,16,"Excel, Microsoft 365, And Copilot Productivity",Microsoft Loop: Collaborative Workspaces and Components
MST-0668,16,"Excel, Microsoft 365, And Copilot Productivity",Microsoft Planner: Team Task and Workload Management
MST-0669,16,"Excel, Microsoft 365, And Copilot Productivity",Microsoft To Do: Personal Productivity Systems
MST-0670,16,"Excel, Microsoft 365, And Copilot Productivity","Microsoft Forms: Surveys, Quizzes, and Data Collection"
MST-0671,16,"Excel, Microsoft 365, And Copilot Productivity",Microsoft Lists: Operational Tracking and Register Design
MST-0672,16,"Excel, Microsoft 365, And Copilot Productivity",SharePoint: Team Sites and Document Management
MST-0673,16,"Excel, Microsoft 365, And Copilot Productivity",SharePoint Information Architecture and Permissions
MST-0674,16,"Excel, Microsoft 365, And Copilot Productivity",OneDrive: Secure File Collaboration and Synchronization
MST-0675,16,"Excel, Microsoft 365, And Copilot Productivity",Microsoft 365 Copilot: End-to-End Workplace Productivity
MST-0676,16,"Excel, Microsoft 365, And Copilot Productivity",Microsoft 365 Copilot Prompting and Grounding
MST-0677,16,"Excel, Microsoft 365, And Copilot Productivity",Microsoft 365 Copilot Adoption and Change Management
MST-0678,16,"Excel, Microsoft 365, And Copilot Productivity",Microsoft 365 Copilot Information Security and Permissions
MST-0679,16,"Excel, Microsoft 365, And Copilot Productivity",Power Automate for Microsoft 365 Approval Workflows
MST-0680,16,"Excel, Microsoft 365, And Copilot Productivity",Accessible Microsoft 365 Documents and Presentations
MST-0681,17,"Azure, Fabric, Power Platform, And Dynamics Skills","Azure Architecture: Compute, Storage, Networking, and Identity"
MST-0682,17,"Azure, Fabric, Power Platform, And Dynamics Skills",Azure Administration and Operational Monitoring
MST-0683,17,"Azure, Fabric, Power Platform, And Dynamics Skills",Azure Virtual Networks and Hybrid Connectivity
MST-0684,17,"Azure, Fabric, Power Platform, And Dynamics Skills",Azure Kubernetes Service: Deployment and Operations
MST-0685,17,"Azure, Fabric, Power Platform, And Dynamics Skills",Azure App Service and Container Application Hosting
MST-0686,17,"Azure, Fabric, Power Platform, And Dynamics Skills",Azure Functions and Event-Driven Serverless Design
MST-0687,17,"Azure, Fabric, Power Platform, And Dynamics Skills",Azure DevOps Pipelines and Release Management
MST-0688,17,"Azure, Fabric, Power Platform, And Dynamics Skills",Azure Infrastructure as Code with Bicep
MST-0689,17,"Azure, Fabric, Power Platform, And Dynamics Skills",Azure Cost Management and FinOps
MST-0690,17,"Azure, Fabric, Power Platform, And Dynamics Skills",Azure Disaster Recovery and Business Continuity
MST-0691,17,"Azure, Fabric, Power Platform, And Dynamics Skills",Azure Security Architecture and Zero Trust
MST-0692,17,"Azure, Fabric, Power Platform, And Dynamics Skills",Microsoft Entra Identity and Conditional Access
MST-0693,17,"Azure, Fabric, Power Platform, And Dynamics Skills",Microsoft Sentinel: Security Monitoring and Response
MST-0694,17,"Azure, Fabric, Power Platform, And Dynamics Skills",Microsoft Defender: Enterprise Protection Workflows
MST-0695,17,"Azure, Fabric, Power Platform, And Dynamics Skills",Microsoft Purview: Data Governance and Protection
MST-0696,17,"Azure, Fabric, Power Platform, And Dynamics Skills",Microsoft Foundry: AI Application Development
MST-0697,17,"Azure, Fabric, Power Platform, And Dynamics Skills",Azure OpenAI Integration and Enterprise Controls
MST-0698,17,"Azure, Fabric, Power Platform, And Dynamics Skills",Azure AI Search: Secure Enterprise Retrieval
MST-0699,17,"Azure, Fabric, Power Platform, And Dynamics Skills",Azure Document Intelligence: Extraction and Validation
MST-0700,17,"Azure, Fabric, Power Platform, And Dynamics Skills","Azure Machine Learning: Training, Deployment, and Monitoring"
MST-0701,17,"Azure, Fabric, Power Platform, And Dynamics Skills",Microsoft Fabric: End-to-End Analytics Architecture
MST-0702,17,"Azure, Fabric, Power Platform, And Dynamics Skills",Fabric Lakehouse Design and Data Engineering
MST-0703,17,"Azure, Fabric, Power Platform, And Dynamics Skills",Fabric Data Warehouse and SQL Analytics
MST-0704,17,"Azure, Fabric, Power Platform, And Dynamics Skills",Fabric Data Factory Pipelines and Dataflows
MST-0705,17,"Azure, Fabric, Power Platform, And Dynamics Skills",Fabric Real-Time Intelligence and Event Analytics
MST-0706,17,"Azure, Fabric, Power Platform, And Dynamics Skills","Fabric Governance, Security, and Capacity Management"
MST-0707,17,"Azure, Fabric, Power Platform, And Dynamics Skills",Power BI: Complete Business Intelligence Development
MST-0708,17,"Azure, Fabric, Power Platform, And Dynamics Skills",Power BI DAX: Advanced Analytical Modeling
MST-0709,17,"Azure, Fabric, Power Platform, And Dynamics Skills",Power BI Semantic Models and Enterprise Governance
MST-0710,17,"Azure, Fabric, Power Platform, And Dynamics Skills",Power BI Embedded Analytics for .NET Applications
MST-0711,17,"Azure, Fabric, Power Platform, And Dynamics Skills",Power Apps Canvas Application Development
MST-0712,17,"Azure, Fabric, Power Platform, And Dynamics Skills",Power Apps Model-Driven Applications and Dataverse
MST-0713,17,"Azure, Fabric, Power Platform, And Dynamics Skills",Power Automate: Enterprise Automation and Exception Handling
MST-0714,17,"Azure, Fabric, Power Platform, And Dynamics Skills",Copilot Studio: Business Agent Design and Governance
MST-0715,17,"Azure, Fabric, Power Platform, And Dynamics Skills",Power Pages: Secure Business Portals
MST-0716,17,"Azure, Fabric, Power Platform, And Dynamics Skills",Power Platform Application Lifecycle Management
MST-0717,17,"Azure, Fabric, Power Platform, And Dynamics Skills",Dynamics 365 Finance: Business Processes and Controls
MST-0718,17,"Azure, Fabric, Power Platform, And Dynamics Skills",Dynamics 365 Supply Chain Management: Operational Workflows
MST-0719,17,"Azure, Fabric, Power Platform, And Dynamics Skills",Dynamics 365 Business Central: End-to-End Implementation
MST-0720,17,"Azure, Fabric, Power Platform, And Dynamics Skills",Dynamics 365 Customer-Service and Sales Process Integration
MST-0721,18,"Google Workspace, Gemini, And Google Cloud Skills",Google Workspace: Complete Professional Productivity
MST-0722,18,"Google Workspace, Gemini, And Google Cloud Skills","Google Sheets: Formulas, Analysis, and Collaboration"
MST-0723,18,"Google Workspace, Gemini, And Google Cloud Skills","Advanced Google Sheets: Models, Dashboards, and Automation"
MST-0724,18,"Google Workspace, Gemini, And Google Cloud Skills",Gemini in Google Sheets: Analysis and Verification
MST-0725,18,"Google Workspace, Gemini, And Google Cloud Skills",Google Docs: Business Documents and Collaborative Review
MST-0726,18,"Google Workspace, Gemini, And Google Cloud Skills",Gemini in Google Docs: Research-Grounded Writing
MST-0727,18,"Google Workspace, Gemini, And Google Cloud Skills",Google Slides: Professional Presentations and Visual Stories
MST-0728,18,"Google Workspace, Gemini, And Google Cloud Skills",Gemini in Google Slides: Assisted Presentation Production
MST-0729,18,"Google Workspace, Gemini, And Google Cloud Skills",Gmail: Professional Communication and Workflow Management
MST-0730,18,"Google Workspace, Gemini, And Google Cloud Skills","Gemini in Gmail: Drafting, Summarizing, and Action Planning"
MST-0731,18,"Google Workspace, Gemini, And Google Cloud Skills",Google Meet and Calendar: Team Coordination and Meetings
MST-0732,18,"Google Workspace, Gemini, And Google Cloud Skills",Google Drive: Information Organization and Sharing Controls
MST-0733,18,"Google Workspace, Gemini, And Google Cloud Skills","Google Forms: Surveys, Assessments, and Data Collection"
MST-0734,18,"Google Workspace, Gemini, And Google Cloud Skills",Google Apps Script: Workspace Automation
MST-0735,18,"Google Workspace, Gemini, And Google Cloud Skills",Google AppSheet: No-Code Business Applications
MST-0736,18,"Google Workspace, Gemini, And Google Cloud Skills",Gemini for Work: Multimodal Productivity and Prompting
MST-0737,18,"Google Workspace, Gemini, And Google Cloud Skills",Gemini API: Application Development and Structured Outputs
MST-0738,18,"Google Workspace, Gemini, And Google Cloud Skills",Google AI Studio: Prototyping and Evaluating AI Applications
MST-0739,18,"Google Workspace, Gemini, And Google Cloud Skills",NotebookLM: Source-Grounded Research and Learning Workflows
MST-0740,18,"Google Workspace, Gemini, And Google Cloud Skills",Google Cloud Architecture and Landing Zones
MST-0741,18,"Google Workspace, Gemini, And Google Cloud Skills","Google Cloud IAM, Security, and Organization Policies"
MST-0742,18,"Google Workspace, Gemini, And Google Cloud Skills",BigQuery: SQL Analytics and Data Engineering
MST-0743,18,"Google Workspace, Gemini, And Google Cloud Skills",BigQuery Machine Learning and AI-Assisted Analytics
MST-0744,18,"Google Workspace, Gemini, And Google Cloud Skills",Looker and LookML: Governed Business Intelligence
MST-0745,18,"Google Workspace, Gemini, And Google Cloud Skills",Looker Studio: Marketing and Operations Dashboards
MST-0746,18,"Google Workspace, Gemini, And Google Cloud Skills",Google Cloud Run: Serverless Application Deployment
MST-0747,18,"Google Workspace, Gemini, And Google Cloud Skills",Google Kubernetes Engine: Production Container Operations
MST-0748,18,"Google Workspace, Gemini, And Google Cloud Skills",Google Cloud AI Platform: Model and Agent Application Engineering
MST-0749,18,"Google Workspace, Gemini, And Google Cloud Skills",Google Cloud Document AI: Extraction and Validation
MST-0750,18,"Google Workspace, Gemini, And Google Cloud Skills","Google Cloud FinOps, Monitoring, and Reliability"
MST-0751,19,Amazon And Aws Practical Application Skills,AWS Architecture: Complete Cloud Foundations
MST-0752,19,Amazon And Aws Practical Application Skills,AWS Landing Zones and Multi-Account Governance
MST-0753,19,Amazon And Aws Practical Application Skills,"AWS IAM: Identity, Access, and Least Privilege"
MST-0754,19,Amazon And Aws Practical Application Skills,Amazon VPC: Networking and Hybrid Connectivity
MST-0755,19,Amazon And Aws Practical Application Skills,Amazon EC2: Compute Operations and Optimization
MST-0756,19,Amazon And Aws Practical Application Skills,Amazon S3: Secure Data Storage and Lifecycle Management
MST-0757,19,Amazon And Aws Practical Application Skills,Amazon RDS and Aurora: Relational Database Operations
MST-0758,19,Amazon And Aws Practical Application Skills,Amazon DynamoDB: Data Modeling and Application Design
MST-0759,19,Amazon And Aws Practical Application Skills,AWS Lambda and Event-Driven Application Development
MST-0760,19,Amazon And Aws Practical Application Skills,Amazon API Gateway: Secure API Design and Operations
MST-0761,19,Amazon And Aws Practical Application Skills,Amazon ECS and Fargate: Container Application Deployment
MST-0762,19,Amazon And Aws Practical Application Skills,Amazon EKS: Production Kubernetes Operations
MST-0763,19,Amazon And Aws Practical Application Skills,AWS CloudFormation and Infrastructure Automation
MST-0764,19,Amazon And Aws Practical Application Skills,AWS Cloud Development Kit: Infrastructure in Code
MST-0765,19,Amazon And Aws Practical Application Skills,Amazon CloudWatch: Monitoring and Operational Visibility
MST-0766,19,Amazon And Aws Practical Application Skills,AWS Security Monitoring and Incident Response
MST-0767,19,Amazon And Aws Practical Application Skills,"AWS Backup, Resilience, and Disaster Recovery"
MST-0768,19,Amazon And Aws Practical Application Skills,AWS Cost Optimization and FinOps
MST-0769,19,Amazon And Aws Practical Application Skills,AWS Data Engineering with Glue and Lake Formation
MST-0770,19,Amazon And Aws Practical Application Skills,Amazon Redshift: Data Warehousing and Analytics
MST-0771,19,Amazon And Aws Practical Application Skills,Amazon Kinesis: Streaming Data Architecture
MST-0772,19,Amazon And Aws Practical Application Skills,Amazon OpenSearch: Search and Observability Applications
MST-0773,19,Amazon And Aws Practical Application Skills,Amazon SageMaker: Machine-Learning Lifecycle Management
MST-0774,19,Amazon And Aws Practical Application Skills,Amazon Bedrock: Generative AI Application Development
MST-0775,19,Amazon And Aws Practical Application Skills,Amazon Bedrock Knowledge Bases: RAG Design and Evaluation
MST-0776,19,Amazon And Aws Practical Application Skills,Amazon Bedrock Agents: Tool Use and Workflow Control
MST-0777,19,Amazon And Aws Practical Application Skills,Amazon Bedrock Guardrails and Responsible AI Operations
MST-0778,19,Amazon And Aws Practical Application Skills,Amazon Connect: Customer-Service Automation and Analytics
MST-0779,19,Amazon And Aws Practical Application Skills,Amazon Selling Partner Operations and Marketplace Analytics
MST-0780,19,Amazon And Aws Practical Application Skills,Amazon Advertising: Sponsored Campaign Planning and Measurement
MST-0781,20,Cross-Platform Ai And End-To-End Business Workflows,ChatGPT + Excel + Power BI: Executive Reporting Workflow
MST-0782,20,Cross-Platform Ai And End-To-End Business Workflows,Claude + Excel + PowerPoint: Board-Reporting Production
MST-0783,20,Cross-Platform Ai And End-To-End Business Workflows,Gemini + Google Sheets + Looker Studio: Business Analytics
MST-0784,20,Cross-Platform Ai And End-To-End Business Workflows,ChatGPT + Google Workspace: Research-to-Action Workflow
MST-0785,20,Cross-Platform Ai And End-To-End Business Workflows,Claude + SharePoint + Microsoft Teams: Policy Knowledge Assistant
MST-0786,20,Cross-Platform Ai And End-To-End Business Workflows,Copilot + Outlook + Planner: Meeting-to-Delivery Workflow
MST-0787,20,Cross-Platform Ai And End-To-End Business Workflows,ChatGPT + HubSpot: Sales Research and CRM Updates
MST-0788,20,Cross-Platform Ai And End-To-End Business Workflows,Claude + Salesforce: Account Intelligence and Proposal Workflow
MST-0789,20,Cross-Platform Ai And End-To-End Business Workflows,Gemini + Google Ads + GA4: Campaign Optimization Workflow
MST-0790,20,Cross-Platform Ai And End-To-End Business Workflows,ChatGPT + Canva + Buffer: Governed Social Content Production
MST-0791,20,Cross-Platform Ai And End-To-End Business Workflows,Claude + Figma + Cursor: Product Specification to Frontend
MST-0792,20,Cross-Platform Ai And End-To-End Business Workflows,Cursor + React + .NET + MySQL: Full-Stack Product Delivery
MST-0793,20,Cross-Platform Ai And End-To-End Business Workflows,Claude Code + GitHub Actions: Tested Continuous Delivery
MST-0794,20,Cross-Platform Ai And End-To-End Business Workflows,Codex + GitHub + Playwright: End-to-End Defect Resolution
MST-0795,20,Cross-Platform Ai And End-To-End Business Workflows,Cursor + Docker + Azure: Reviewed Cloud Deployment
MST-0796,20,Cross-Platform Ai And End-To-End Business Workflows,ChatGPT + n8n + Gmail: Human-Approved Customer Follow-Up
MST-0797,20,Cross-Platform Ai And End-To-End Business Workflows,Claude + Make + Google Drive: Document Intake and Review
MST-0798,20,Cross-Platform Ai And End-To-End Business Workflows,Gemini + AppSheet + Google Sheets: Operational App Workflow
MST-0799,20,Cross-Platform Ai And End-To-End Business Workflows,OpenAI + .NET + MySQL: Customer-Support Assistant
MST-0800,20,Cross-Platform Ai And End-To-End Business Workflows,Anthropic + Python + Streamlit: Analytical Assistant Delivery
MST-0801,20,Cross-Platform Ai And End-To-End Business Workflows,Azure OpenAI + AI Search + SharePoint: Enterprise RAG
MST-0802,20,Cross-Platform Ai And End-To-End Business Workflows,Amazon Bedrock + S3 + OpenSearch: Document Intelligence
MST-0803,20,Cross-Platform Ai And End-To-End Business Workflows,Gemini API + BigQuery + Looker: Conversational Analytics
MST-0804,20,Cross-Platform Ai And End-To-End Business Workflows,LangGraph + OpenAI + PostgreSQL: Stateful Agent Architecture
MST-0805,20,Cross-Platform Ai And End-To-End Business Workflows,LlamaIndex + Claude + Qdrant: Evidence-Based Document Search
MST-0806,20,Cross-Platform Ai And End-To-End Business Workflows,Copilot Studio + Power Automate + Dataverse: Service Agent
MST-0807,20,Cross-Platform Ai And End-To-End Business Workflows,ChatGPT + Power Query + ERP Exports: Finance Reconciliation
MST-0808,20,Cross-Platform Ai And End-To-End Business Workflows,Claude + Python + Excel: Budget and Forecast Quality Review
MST-0809,20,Cross-Platform Ai And End-To-End Business Workflows,ChatGPT + Jira + Confluence: Product Delivery Documentation
MST-0810,20,Cross-Platform Ai And End-To-End Business Workflows,Claude Code + Terraform + AWS: Governed Infrastructure Changes
MST-0811,20,Cross-Platform Ai And End-To-End Business Workflows,GitHub Copilot + VS Code + .NET: Enterprise API Engineering
MST-0812,20,Cross-Platform Ai And End-To-End Business Workflows,Cursor + Next.js + Stripe: Subscription Product Implementation
MST-0813,20,Cross-Platform Ai And End-To-End Business Workflows,ChatGPT + Shopify + GA4: Ecommerce Performance Analysis
MST-0814,20,Cross-Platform Ai And End-To-End Business Workflows,Gemini + YouTube Studio + Sheets: Video Content Operations
MST-0815,20,Cross-Platform Ai And End-To-End Business Workflows,Claude + Notion + Slack: Team Knowledge and Handover Workflow
MST-0816,20,Cross-Platform Ai And End-To-End Business Workflows,OpenAI Realtime + Twilio + CRM: Supervised Voice-Service Design
MST-0817,20,Cross-Platform Ai And End-To-End Business Workflows,Whisper + FFmpeg + YouTube: Captioned Learning-Video Pipeline
MST-0818,20,Cross-Platform Ai And End-To-End Business Workflows,AI Storyboards + Runway + Video Editing: Professional Course Visuals
MST-0819,20,Cross-Platform Ai And End-To-End Business Workflows,AI Narration + Slides + YouTube: Accessible Lesson Production
MST-0820,20,Cross-Platform Ai And End-To-End Business Workflows,"Multi-Model ChatGPT, Claude, and Gemini: Comparative Review System"
MST-0821,21,".Net, C#, Java, And Enterprise Backend Development",C# Programming: Complete Language Foundations
MST-0822,21,".Net, C#, Java, And Enterprise Backend Development","Advanced C#: Generics, LINQ, Reflection, and Patterns"
MST-0823,21,".Net, C#, Java, And Enterprise Backend Development",C# Asynchronous Programming and Concurrency
MST-0824,21,".Net, C#, Java, And Enterprise Backend Development","C# Memory, Performance, and Diagnostics"
MST-0825,21,".Net, C#, Java, And Enterprise Backend Development",.NET Application Architecture and Dependency Injection
MST-0826,21,".Net, C#, Java, And Enterprise Backend Development",ASP.NET Core Web API Development
MST-0827,21,".Net, C#, Java, And Enterprise Backend Development",ASP.NET Core Minimal APIs and Endpoint Design
MST-0828,21,".Net, C#, Java, And Enterprise Backend Development",ASP.NET Core MVC Application Development
MST-0829,21,".Net, C#, Java, And Enterprise Backend Development",Entity Framework Core: Data Access and Migrations
MST-0830,21,".Net, C#, Java, And Enterprise Backend Development",.NET and MySQL: Production Data-Access Engineering
MST-0831,21,".Net, C#, Java, And Enterprise Backend Development",.NET Authentication and Authorization
MST-0832,21,".Net, C#, Java, And Enterprise Backend Development",".NET OAuth, OpenID Connect, and Identity Integration"
MST-0833,21,".Net, C#, Java, And Enterprise Backend Development",.NET Microservices and Distributed Application Design
MST-0834,21,".Net, C#, Java, And Enterprise Backend Development",.NET Modular Monolith Architecture
MST-0835,21,".Net, C#, Java, And Enterprise Backend Development",.NET Domain-Driven Design and CQRS
MST-0836,21,".Net, C#, Java, And Enterprise Backend Development",.NET Background Jobs and Message Processing
MST-0837,21,".Net, C#, Java, And Enterprise Backend Development",.NET gRPC and High-Performance Service Communication
MST-0838,21,".Net, C#, Java, And Enterprise Backend Development",.NET SignalR and Real-Time Applications
MST-0839,21,".Net, C#, Java, And Enterprise Backend Development",.NET Integration Testing and Contract Testing
MST-0840,21,".Net, C#, Java, And Enterprise Backend Development",.NET Application Security and Threat Mitigation
MST-0841,21,".Net, C#, Java, And Enterprise Backend Development",.NET Observability with OpenTelemetry
MST-0842,21,".Net, C#, Java, And Enterprise Backend Development",.NET Containerization and Kubernetes Deployment
MST-0843,21,".Net, C#, Java, And Enterprise Backend Development",.NET Cloud-Native Applications with Aspire
MST-0844,21,".Net, C#, Java, And Enterprise Backend Development",.NET MAUI Cross-Platform Application Development
MST-0845,21,".Net, C#, Java, And Enterprise Backend Development",Blazor Web Application Development
MST-0846,21,".Net, C#, Java, And Enterprise Backend Development",.NET Legacy Application Modernization
MST-0847,21,".Net, C#, Java, And Enterprise Backend Development",.NET AI Integration and Agent Application Architecture
MST-0848,21,".Net, C#, Java, And Enterprise Backend Development",Java Programming: Complete Language Foundations
MST-0849,21,".Net, C#, Java, And Enterprise Backend Development","Advanced Java: Collections, Generics, Streams, and Concurrency"
MST-0850,21,".Net, C#, Java, And Enterprise Backend Development",Java JVM Performance and Memory Diagnostics
MST-0851,21,".Net, C#, Java, And Enterprise Backend Development",Spring Boot: Production REST API Development
MST-0852,21,".Net, C#, Java, And Enterprise Backend Development","Spring Security: Identity, Authorization, and OAuth"
MST-0853,21,".Net, C#, Java, And Enterprise Backend Development",Spring Data JPA and Hibernate
MST-0854,21,".Net, C#, Java, And Enterprise Backend Development",Spring Batch: Enterprise Data Processing
MST-0855,21,".Net, C#, Java, And Enterprise Backend Development",Spring Cloud and Distributed Systems
MST-0856,21,".Net, C#, Java, And Enterprise Backend Development",Java Microservices with Event-Driven Architecture
MST-0857,21,".Net, C#, Java, And Enterprise Backend Development",Java Testing with JUnit and Mocking Tools
MST-0858,21,".Net, C#, Java, And Enterprise Backend Development",Java Build Engineering with Maven and Gradle
MST-0859,21,".Net, C#, Java, And Enterprise Backend Development",Java Application Security and Dependency Governance
MST-0860,21,".Net, C#, Java, And Enterprise Backend Development",Kotlin for JVM Backend Development
MST-0861,22,"Javascript, Typescript, Frontend, And Mobile Web",JavaScript: Complete Language Foundations
MST-0862,22,"Javascript, Typescript, Frontend, And Mobile Web","Advanced JavaScript: Closures, Prototypes, and Asynchronous Code"
MST-0863,22,"Javascript, Typescript, Frontend, And Mobile Web",TypeScript: Complete Type-Safe Application Development
MST-0864,22,"Javascript, Typescript, Frontend, And Mobile Web",Advanced TypeScript: Generics and Type-Level Design
MST-0865,22,"Javascript, Typescript, Frontend, And Mobile Web",HTML and CSS: Accessible Responsive Web Development
MST-0866,22,"Javascript, Typescript, Frontend, And Mobile Web","Modern CSS: Grid, Flexbox, and Design Systems"
MST-0867,22,"Javascript, Typescript, Frontend, And Mobile Web",Web Accessibility Engineering and Inclusive Interfaces
MST-0868,22,"Javascript, Typescript, Frontend, And Mobile Web","Browser APIs, DOM, and Client-Side Storage"
MST-0869,22,"Javascript, Typescript, Frontend, And Mobile Web",React: Complete Application Development
MST-0870,22,"Javascript, Typescript, Frontend, And Mobile Web","React Hooks, State, and Component Architecture"
MST-0871,22,"Javascript, Typescript, Frontend, And Mobile Web",React Performance Optimization and Profiling
MST-0872,22,"Javascript, Typescript, Frontend, And Mobile Web","React Forms, Validation, and Complex User Flows"
MST-0873,22,"Javascript, Typescript, Frontend, And Mobile Web",React Query and Server-State Management
MST-0874,22,"Javascript, Typescript, Frontend, And Mobile Web",React Testing and Component Quality Assurance
MST-0875,22,"Javascript, Typescript, Frontend, And Mobile Web",React Design Systems and Reusable UI Libraries
MST-0876,22,"Javascript, Typescript, Frontend, And Mobile Web",Next.js: Full-Stack React Application Development
MST-0877,22,"Javascript, Typescript, Frontend, And Mobile Web","Next.js Rendering, Caching, and Deployment Architecture"
MST-0878,22,"Javascript, Typescript, Frontend, And Mobile Web",Angular: Enterprise Frontend Application Development
MST-0879,22,"Javascript, Typescript, Frontend, And Mobile Web","Advanced Angular: RxJS, State, and Performance"
MST-0880,22,"Javascript, Typescript, Frontend, And Mobile Web",Vue: Complete Progressive Web Application Development
MST-0881,22,"Javascript, Typescript, Frontend, And Mobile Web",Nuxt: Production Vue Application Architecture
MST-0882,22,"Javascript, Typescript, Frontend, And Mobile Web",Svelte and SvelteKit Application Development
MST-0883,22,"Javascript, Typescript, Frontend, And Mobile Web",Node.js: Backend Application Foundations
MST-0884,22,"Javascript, Typescript, Frontend, And Mobile Web",Express: Secure REST API Development
MST-0885,22,"Javascript, Typescript, Frontend, And Mobile Web",NestJS: Scalable TypeScript Backend Architecture
MST-0886,22,"Javascript, Typescript, Frontend, And Mobile Web","Node.js Performance, Streams, and Worker Threads"
MST-0887,22,"Javascript, Typescript, Frontend, And Mobile Web",JavaScript Authentication and Session Security
MST-0888,22,"Javascript, Typescript, Frontend, And Mobile Web",GraphQL APIs with TypeScript
MST-0889,22,"Javascript, Typescript, Frontend, And Mobile Web",WebSocket and Real-Time JavaScript Applications
MST-0890,22,"Javascript, Typescript, Frontend, And Mobile Web",Progressive Web Apps and Offline Capabilities
MST-0891,22,"Javascript, Typescript, Frontend, And Mobile Web",React Native: Cross-Platform Mobile Applications
MST-0892,22,"Javascript, Typescript, Frontend, And Mobile Web",Expo: Mobile Application Delivery and Updates
MST-0893,22,"Javascript, Typescript, Frontend, And Mobile Web",Ionic and Capacitor Hybrid Application Development
MST-0894,22,"Javascript, Typescript, Frontend, And Mobile Web",Electron: Cross-Platform Desktop Applications
MST-0895,22,"Javascript, Typescript, Frontend, And Mobile Web",Frontend Security and Dependency Risk Management
MST-0896,22,"Javascript, Typescript, Frontend, And Mobile Web",Frontend Build Tools: Vite and Module Bundling
MST-0897,22,"Javascript, Typescript, Frontend, And Mobile Web",End-to-End Browser Testing with Playwright
MST-0898,22,"Javascript, Typescript, Frontend, And Mobile Web",JavaScript Unit Testing with Vitest and Jest
MST-0899,22,"Javascript, Typescript, Frontend, And Mobile Web",Internationalization and Right-to-Left Web Interfaces
MST-0900,22,"Javascript, Typescript, Frontend, And Mobile Web",Frontend Architecture for Large-Scale Learning Platforms
MST-0901,23,Major Programming Languages And Computer-Science Skills,Python: Complete Programming Foundations
MST-0902,23,Major Programming Languages And Computer-Science Skills,"Advanced Python: Idiomatic Design, Iterators, and Metaprogramming"
MST-0903,23,Major Programming Languages And Computer-Science Skills,Python Asynchronous Programming and Concurrency
MST-0904,23,Major Programming Languages And Computer-Science Skills,Python Automation and Command-Line Applications
MST-0905,23,Major Programming Languages And Computer-Science Skills,C Programming: Systems Foundations and Memory Management
MST-0906,23,Major Programming Languages And Computer-Science Skills,Modern C++: Complete Language and Application Foundations
MST-0907,23,Major Programming Languages And Computer-Science Skills,"Advanced C++: Templates, Concurrency, and Performance"
MST-0908,23,Major Programming Languages And Computer-Science Skills,Rust: Safe Systems Programming
MST-0909,23,Major Programming Languages And Computer-Science Skills,Advanced Rust: Async Services and Production Architecture
MST-0910,23,Major Programming Languages And Computer-Science Skills,Go: Concurrent Backend and Network Programming
MST-0911,23,Major Programming Languages And Computer-Science Skills,Advanced Go: Distributed Services and Performance
MST-0912,23,Major Programming Languages And Computer-Science Skills,Swift: iOS Application Development
MST-0913,23,Major Programming Languages And Computer-Science Skills,SwiftUI: Modern Apple Interface Development
MST-0914,23,Major Programming Languages And Computer-Science Skills,Kotlin: Android Application Development
MST-0915,23,Major Programming Languages And Computer-Science Skills,Dart and Flutter: Cross-Platform Application Development
MST-0916,23,Major Programming Languages And Computer-Science Skills,PHP: Modern Web Application Development
MST-0917,23,Major Programming Languages And Computer-Science Skills,Laravel: Production PHP Application Architecture
MST-0918,23,Major Programming Languages And Computer-Science Skills,Ruby: Language and Application Foundations
MST-0919,23,Major Programming Languages And Computer-Science Skills,Ruby on Rails: Full-Stack Web Development
MST-0920,23,Major Programming Languages And Computer-Science Skills,R: Statistical Programming and Reproducible Analysis
MST-0921,23,Major Programming Languages And Computer-Science Skills,Julia: Scientific and Numerical Computing
MST-0922,23,Major Programming Languages And Computer-Science Skills,Scala: Functional Programming and Data Applications
MST-0923,23,Major Programming Languages And Computer-Science Skills,F#: Functional Programming on .NET
MST-0924,23,Major Programming Languages And Computer-Science Skills,Elixir and Phoenix: Fault-Tolerant Web Applications
MST-0925,23,Major Programming Languages And Computer-Science Skills,Erlang: Concurrent and Distributed Systems
MST-0926,23,Major Programming Languages And Computer-Science Skills,Haskell: Functional Programming and Type-Driven Design
MST-0927,23,Major Programming Languages And Computer-Science Skills,Lua: Embedded Scripting and Application Extension
MST-0928,23,Major Programming Languages And Computer-Science Skills,Perl: Text Processing and System Automation
MST-0929,23,Major Programming Languages And Computer-Science Skills,Bash: Linux Shell Scripting and Automation
MST-0930,23,Major Programming Languages And Computer-Science Skills,PowerShell: Cross-Platform Administration and Automation
MST-0931,23,Major Programming Languages And Computer-Science Skills,MATLAB: Engineering Computation and Numerical Methods
MST-0932,23,Major Programming Languages And Computer-Science Skills,Fortran: Scientific Computing and Legacy Modernization
MST-0933,23,Major Programming Languages And Computer-Science Skills,COBOL: Mainframe Business Application Foundations
MST-0934,23,Major Programming Languages And Computer-Science Skills,ABAP: SAP Application Development Foundations
MST-0935,23,Major Programming Languages And Computer-Science Skills,Solidity: Smart Contract Development and Security Foundations
MST-0936,23,Major Programming Languages And Computer-Science Skills,Assembly Language: Computer Architecture and Low-Level Programming
MST-0937,23,Major Programming Languages And Computer-Science Skills,Data Structures and Algorithms: Complete Foundations
MST-0938,23,Major Programming Languages And Computer-Science Skills,"Algorithm Design, Complexity, and Optimization"
MST-0939,23,Major Programming Languages And Computer-Science Skills,Object-Oriented Design and Software Design Patterns
MST-0940,23,Major Programming Languages And Computer-Science Skills,"Compilers, Interpreters, and Programming-Language Design"
MST-0941,24,"Data Engineering, Databases, Statistics, And Analytics",SQL: Complete Querying and Relational Database Foundations
MST-0942,24,"Data Engineering, Databases, Statistics, And Analytics",Advanced SQL: Window Functions and Analytical Patterns
MST-0943,24,"Data Engineering, Databases, Statistics, And Analytics",MySQL Database Design and Administration
MST-0944,24,"Data Engineering, Databases, Statistics, And Analytics",MySQL Performance Optimization and Query Tuning
MST-0945,24,"Data Engineering, Databases, Statistics, And Analytics",PostgreSQL Database Development and Administration
MST-0946,24,"Data Engineering, Databases, Statistics, And Analytics",Microsoft SQL Server: Database Development and Operations
MST-0947,24,"Data Engineering, Databases, Statistics, And Analytics","Oracle Database: SQL, PL/SQL, and Administration Foundations"
MST-0948,24,"Data Engineering, Databases, Statistics, And Analytics",SQLite: Embedded Database Application Design
MST-0949,24,"Data Engineering, Databases, Statistics, And Analytics",MongoDB: Document Database Modeling and Operations
MST-0950,24,"Data Engineering, Databases, Statistics, And Analytics","Redis: Caching, Data Structures, and Application Performance"
MST-0951,24,"Data Engineering, Databases, Statistics, And Analytics",Neo4j: Graph Databases and Cypher
MST-0952,24,"Data Engineering, Databases, Statistics, And Analytics",Apache Cassandra: Distributed Data Modeling
MST-0953,24,"Data Engineering, Databases, Statistics, And Analytics",Elasticsearch: Search Applications and Index Design
MST-0954,24,"Data Engineering, Databases, Statistics, And Analytics",ClickHouse: High-Performance Analytical Data Systems
MST-0955,24,"Data Engineering, Databases, Statistics, And Analytics",Snowflake: Data Platform Engineering and Governance
MST-0956,24,"Data Engineering, Databases, Statistics, And Analytics",Databricks: Lakehouse Data Engineering
MST-0957,24,"Data Engineering, Databases, Statistics, And Analytics",Apache Spark and PySpark: Distributed Data Processing
MST-0958,24,"Data Engineering, Databases, Statistics, And Analytics",Apache Kafka: Event Streaming and Data Integration
MST-0959,24,"Data Engineering, Databases, Statistics, And Analytics",Apache Airflow: Data Pipeline Orchestration
MST-0960,24,"Data Engineering, Databases, Statistics, And Analytics",dbt: Analytics Engineering and Tested Transformations
MST-0961,24,"Data Engineering, Databases, Statistics, And Analytics",Data Warehousing and Dimensional Modeling
MST-0962,24,"Data Engineering, Databases, Statistics, And Analytics",Data Lakehouse Architecture and Open Table Formats
MST-0963,24,"Data Engineering, Databases, Statistics, And Analytics",ETL and ELT Pipeline Design
MST-0964,24,"Data Engineering, Databases, Statistics, And Analytics",Data Quality Engineering and Observability
MST-0965,24,"Data Engineering, Databases, Statistics, And Analytics",Master Data Management and Reference Data
MST-0966,24,"Data Engineering, Databases, Statistics, And Analytics","Data Governance, Catalogs, and Lineage"
MST-0967,24,"Data Engineering, Databases, Statistics, And Analytics",Data Privacy Engineering and Access Controls
MST-0968,24,"Data Engineering, Databases, Statistics, And Analytics",Pandas: Data Cleaning and Business Analysis
MST-0969,24,"Data Engineering, Databases, Statistics, And Analytics",Polars: High-Performance DataFrame Analytics
MST-0970,24,"Data Engineering, Databases, Statistics, And Analytics",NumPy and Scientific Python Computing
MST-0971,24,"Data Engineering, Databases, Statistics, And Analytics",Data Visualization with Matplotlib and Plotly
MST-0972,24,"Data Engineering, Databases, Statistics, And Analytics",Tableau: Business Intelligence and Dashboard Development
MST-0973,24,"Data Engineering, Databases, Statistics, And Analytics",Qlik Sense: Analytical Applications and Data Modeling
MST-0974,24,"Data Engineering, Databases, Statistics, And Analytics",Alteryx: Analytical Automation and Workflow Design
MST-0975,24,"Data Engineering, Databases, Statistics, And Analytics",Descriptive and Inferential Statistics for Analysts
MST-0976,24,"Data Engineering, Databases, Statistics, And Analytics",Experimental Design and A/B Testing
MST-0977,24,"Data Engineering, Databases, Statistics, And Analytics",Time-Series Analysis and Business Forecasting
MST-0978,24,"Data Engineering, Databases, Statistics, And Analytics",Causal Inference and Impact Evaluation
MST-0979,24,"Data Engineering, Databases, Statistics, And Analytics","Customer, Product, and Cohort Analytics"
MST-0980,24,"Data Engineering, Databases, Statistics, And Analytics",Analytics Communication and Executive Decision Support
MST-0981,25,"Devops, Cybersecurity, Testing, And Software Architecture",Linux Administration: Complete Operational Foundations
MST-0982,25,"Devops, Cybersecurity, Testing, And Software Architecture","Computer Networking: Protocols, Routing, and Troubleshooting"
MST-0983,25,"Devops, Cybersecurity, Testing, And Software Architecture",Git: Version Control and Collaborative Development
MST-0984,25,"Devops, Cybersecurity, Testing, And Software Architecture",GitHub: Repository Governance and Delivery Workflows
MST-0985,25,"Devops, Cybersecurity, Testing, And Software Architecture",Docker: Containerization from Development to Production
MST-0986,25,"Devops, Cybersecurity, Testing, And Software Architecture",Kubernetes: Application Deployment and Operations
MST-0987,25,"Devops, Cybersecurity, Testing, And Software Architecture",Helm: Kubernetes Packaging and Release Management
MST-0988,25,"Devops, Cybersecurity, Testing, And Software Architecture",Terraform: Infrastructure as Code and State Management
MST-0989,25,"Devops, Cybersecurity, Testing, And Software Architecture",Ansible: Configuration Management and Automation
MST-0990,25,"Devops, Cybersecurity, Testing, And Software Architecture",CI/CD Architecture and Secure Release Pipelines
MST-0991,25,"Devops, Cybersecurity, Testing, And Software Architecture",GitHub Actions: Tested and Governed Automation
MST-0992,25,"Devops, Cybersecurity, Testing, And Software Architecture","GitLab CI: Build, Test, and Deployment Workflows"
MST-0993,25,"Devops, Cybersecurity, Testing, And Software Architecture",Jenkins: Pipeline Engineering and Build Operations
MST-0994,25,"Devops, Cybersecurity, Testing, And Software Architecture",Site Reliability Engineering: Service Levels and Reliability
MST-0995,25,"Devops, Cybersecurity, Testing, And Software Architecture","Observability with OpenTelemetry, Prometheus, and Grafana"
MST-0996,25,"Devops, Cybersecurity, Testing, And Software Architecture",Incident Management and Blameless Postmortems
MST-0997,25,"Devops, Cybersecurity, Testing, And Software Architecture",Cloud-Native Architecture and Distributed-System Patterns
MST-0998,25,"Devops, Cybersecurity, Testing, And Software Architecture","API Design, Versioning, and Developer Experience"
MST-0999,25,"Devops, Cybersecurity, Testing, And Software Architecture","Microservices: Boundaries, Communication, and Failure Handling"
MST-1000,25,"Devops, Cybersecurity, Testing, And Software Architecture",Event-Driven Architecture and Message Reliability
MST-1001,25,"Devops, Cybersecurity, Testing, And Software Architecture",Software Architecture Documentation and Decision Records
MST-1002,25,"Devops, Cybersecurity, Testing, And Software Architecture","System Design: Scalability, Reliability, and Tradeoffs"
MST-1003,25,"Devops, Cybersecurity, Testing, And Software Architecture",Domain-Driven Design and Business Capability Modeling
MST-1004,25,"Devops, Cybersecurity, Testing, And Software Architecture",Software Quality Assurance and Test Strategy
MST-1005,25,"Devops, Cybersecurity, Testing, And Software Architecture",Test Automation Architecture and Maintainability
MST-1006,25,"Devops, Cybersecurity, Testing, And Software Architecture","Performance, Load, and Stress Testing"
MST-1007,25,"Devops, Cybersecurity, Testing, And Software Architecture",API Testing and Contract Validation
MST-1008,25,"Devops, Cybersecurity, Testing, And Software Architecture",Mobile Application Testing and Quality Assurance
MST-1009,25,"Devops, Cybersecurity, Testing, And Software Architecture",Secure Software Development Lifecycle
MST-1010,25,"Devops, Cybersecurity, Testing, And Software Architecture",Web Application Security and OWASP Risk Mitigation
MST-1011,25,"Devops, Cybersecurity, Testing, And Software Architecture",Threat Modeling and Secure Architecture Review
MST-1012,25,"Devops, Cybersecurity, Testing, And Software Architecture","Identity, Access Management, and Zero Trust"
MST-1013,25,"Devops, Cybersecurity, Testing, And Software Architecture",Cryptography for Software and Security Professionals
MST-1014,25,"Devops, Cybersecurity, Testing, And Software Architecture",Cloud Security Posture and Configuration Assurance
MST-1015,25,"Devops, Cybersecurity, Testing, And Software Architecture",Security Operations Center: Detection and Triage
MST-1016,25,"Devops, Cybersecurity, Testing, And Software Architecture",Digital Forensics and Incident Investigation Foundations
MST-1017,25,"Devops, Cybersecurity, Testing, And Software Architecture",Vulnerability Assessment in Authorized Environments
MST-1018,25,"Devops, Cybersecurity, Testing, And Software Architecture",Penetration Testing Methodology in Isolated Authorized Labs
MST-1019,25,"Devops, Cybersecurity, Testing, And Software Architecture",Software Supply-Chain Security and SBOM Management
MST-1020,25,"Devops, Cybersecurity, Testing, And Software Architecture","Backup, Recovery, and Cyber-Resilience Engineering"
MST-1021,26,"Finance, Accounting, And Commercial Business Skills",Financial Accounting: Complete Business Foundations
MST-1022,26,"Finance, Accounting, And Commercial Business Skills",Management Accounting and Cost-Based Decision-Making
MST-1023,26,"Finance, Accounting, And Commercial Business Skills",Financial Statements: Analysis and Interpretation
MST-1024,26,"Finance, Accounting, And Commercial Business Skills",IFRS Financial Reporting: Comprehensive Applied Overview
MST-1025,26,"Finance, Accounting, And Commercial Business Skills",IFRS 9: Financial Instruments and Expected Credit Losses
MST-1026,26,"Finance, Accounting, And Commercial Business Skills",IFRS 15: Revenue Recognition and Contract Accounting
MST-1027,26,"Finance, Accounting, And Commercial Business Skills",IFRS 16: Lease Accounting and Financial Modeling
MST-1028,26,"Finance, Accounting, And Commercial Business Skills",IFRS 18: Financial Statement Presentation and Transition
MST-1029,26,"Finance, Accounting, And Commercial Business Skills","IAS 37: Provisions, Contingent Liabilities, and Contingent Assets"
MST-1030,26,"Finance, Accounting, And Commercial Business Skills",Group Consolidation and Intercompany Accounting
MST-1031,26,"Finance, Accounting, And Commercial Business Skills",US GAAP: Applied Financial Reporting Foundations
MST-1032,26,"Finance, Accounting, And Commercial Business Skills",Month-End Closing and Balance-Sheet Reconciliation
MST-1033,26,"Finance, Accounting, And Commercial Business Skills","Accounts Payable: Controls, Workflows, and Performance"
MST-1034,26,"Finance, Accounting, And Commercial Business Skills","Accounts Receivable: Billing, Collections, and Credit Control"
MST-1035,26,"Finance, Accounting, And Commercial Business Skills",Treasury Operations and Liquidity Management
MST-1036,26,"Finance, Accounting, And Commercial Business Skills",Working-Capital Optimization and Cash Conversion
MST-1037,26,"Finance, Accounting, And Commercial Business Skills",Budgeting and Rolling Forecasts
MST-1038,26,"Finance, Accounting, And Commercial Business Skills",Financial Planning and Analysis: Business Partnering
MST-1039,26,"Finance, Accounting, And Commercial Business Skills",Three-Statement Financial Modeling
MST-1040,26,"Finance, Accounting, And Commercial Business Skills",Business Valuation and Investment Appraisal
MST-1041,26,"Finance, Accounting, And Commercial Business Skills",Project Finance and Infrastructure Financial Models
MST-1042,26,"Finance, Accounting, And Commercial Business Skills","Capital Budgeting: NPV, IRR, WACC, and Sensitivities"
MST-1043,26,"Finance, Accounting, And Commercial Business Skills",EPC Contract Accounting and Project Financial Control
MST-1044,26,"Finance, Accounting, And Commercial Business Skills",Percentage-of-Completion Reporting and Cost-to-Complete Reviews
MST-1045,26,"Finance, Accounting, And Commercial Business Skills",Revenue Assurance and Billing-Control Frameworks
MST-1046,26,"Finance, Accounting, And Commercial Business Skills",Procurement Finance and Supplier-Payment Strategy
MST-1047,26,"Finance, Accounting, And Commercial Business Skills",Inventory Accounting and Obsolescence Management
MST-1048,26,"Finance, Accounting, And Commercial Business Skills",Payroll Accounting and Employee-Cost Analysis
MST-1049,26,"Finance, Accounting, And Commercial Business Skills",Financial Internal Controls and Delegation of Authority
MST-1050,26,"Finance, Accounting, And Commercial Business Skills",Internal Audit Planning and Evidence Documentation
MST-1051,26,"Finance, Accounting, And Commercial Business Skills",Fraud Risk Assessment and Prevention Controls
MST-1052,26,"Finance, Accounting, And Commercial Business Skills",Corporate Tax Fundamentals: Jurisdiction-Aware Framework
MST-1053,26,"Finance, Accounting, And Commercial Business Skills",VAT and Indirect Tax: Transaction and Control Design
MST-1054,26,"Finance, Accounting, And Commercial Business Skills",Transfer Pricing: Principles and Documentation Support
MST-1055,26,"Finance, Accounting, And Commercial Business Skills",Corporate Finance for Non-Finance Managers
MST-1056,26,"Finance, Accounting, And Commercial Business Skills",Board Reporting and Financial Performance Narratives
MST-1057,26,"Finance, Accounting, And Commercial Business Skills",Mergers and Acquisitions: Financial Due Diligence
MST-1058,26,"Finance, Accounting, And Commercial Business Skills","Startup Finance, Unit Economics, and Funding Readiness"
MST-1059,26,"Finance, Accounting, And Commercial Business Skills",Nonprofit Financial Management and Accountability
MST-1060,26,"Finance, Accounting, And Commercial Business Skills",Finance Transformation and Shared-Service Operations
MST-1061,27,"Leadership, Hr, Entrepreneurship, And Professional Skills",Leadership Foundations for New Managers
MST-1062,27,"Leadership, Hr, Entrepreneurship, And Professional Skills",Strategic Leadership and Executive Decision-Making
MST-1063,27,"Leadership, Hr, Entrepreneurship, And Professional Skills",People Management and Team Performance
MST-1064,27,"Leadership, Hr, Entrepreneurship, And Professional Skills",Coaching and Mentoring in the Workplace
MST-1065,27,"Leadership, Hr, Entrepreneurship, And Professional Skills","Delegation, Accountability, and Follow-Through"
MST-1066,27,"Leadership, Hr, Entrepreneurship, And Professional Skills",Emotional Intelligence for Professional Relationships
MST-1067,27,"Leadership, Hr, Entrepreneurship, And Professional Skills",Conflict Resolution and Difficult Conversations
MST-1068,27,"Leadership, Hr, Entrepreneurship, And Professional Skills","Negotiation: Preparation, Value Creation, and Agreement"
MST-1069,27,"Leadership, Hr, Entrepreneurship, And Professional Skills",Business Communication and Professional Writing
MST-1070,27,"Leadership, Hr, Entrepreneurship, And Professional Skills",Executive Presence and Stakeholder Communication
MST-1071,27,"Leadership, Hr, Entrepreneurship, And Professional Skills",Public Speaking and Presentation Delivery
MST-1072,27,"Leadership, Hr, Entrepreneurship, And Professional Skills",Critical Thinking and Evidence-Based Decisions
MST-1073,27,"Leadership, Hr, Entrepreneurship, And Professional Skills",Structured Problem Solving and Root-Cause Analysis
MST-1074,27,"Leadership, Hr, Entrepreneurship, And Professional Skills",Decision-Making Under Uncertainty
MST-1075,27,"Leadership, Hr, Entrepreneurship, And Professional Skills",Time Management and Personal Productivity
MST-1076,27,"Leadership, Hr, Entrepreneurship, And Professional Skills","Goal Setting, OKRs, and Performance Measurement"
MST-1077,27,"Leadership, Hr, Entrepreneurship, And Professional Skills",Change Management and Organizational Adoption
MST-1078,27,"Leadership, Hr, Entrepreneurship, And Professional Skills",Cross-Cultural Communication and Global Collaboration
MST-1079,27,"Leadership, Hr, Entrepreneurship, And Professional Skills",Remote and Hybrid Team Management
MST-1080,27,"Leadership, Hr, Entrepreneurship, And Professional Skills",Career Planning and Professional Positioning
MST-1081,27,"Leadership, Hr, Entrepreneurship, And Professional Skills",Interview Preparation and Professional Storytelling
MST-1082,27,"Leadership, Hr, Entrepreneurship, And Professional Skills","Business English for Meetings, Reports, and Negotiations"
MST-1083,27,"Leadership, Hr, Entrepreneurship, And Professional Skills","Recruitment, Selection, and Structured Interviewing"
MST-1084,27,"Leadership, Hr, Entrepreneurship, And Professional Skills",Human-Resources Operations and Employee Lifecycle
MST-1085,27,"Leadership, Hr, Entrepreneurship, And Professional Skills",Performance Management and Development Planning
MST-1086,27,"Leadership, Hr, Entrepreneurship, And Professional Skills","Compensation, Benefits, and Job Evaluation"
MST-1087,27,"Leadership, Hr, Entrepreneurship, And Professional Skills",Workforce Planning and People Analytics
MST-1088,27,"Leadership, Hr, Entrepreneurship, And Professional Skills",Learning and Development: Program Design and Evaluation
MST-1089,27,"Leadership, Hr, Entrepreneurship, And Professional Skills",Organizational Design and Role Clarity
MST-1090,27,"Leadership, Hr, Entrepreneurship, And Professional Skills",Employee Engagement and Organizational Culture
MST-1091,27,"Leadership, Hr, Entrepreneurship, And Professional Skills",Entrepreneurship: From Idea to Validated Business
MST-1092,27,"Leadership, Hr, Entrepreneurship, And Professional Skills",Business Models and Value-Proposition Design
MST-1093,27,"Leadership, Hr, Entrepreneurship, And Professional Skills",Business Planning and Market Entry Strategy
MST-1094,27,"Leadership, Hr, Entrepreneurship, And Professional Skills",Product Management: Discovery to Lifecycle Management
MST-1095,27,"Leadership, Hr, Entrepreneurship, And Professional Skills",Customer Discovery and User Research
MST-1096,27,"Leadership, Hr, Entrepreneurship, And Professional Skills",Business Analysis: Requirements and Process Modeling
MST-1097,27,"Leadership, Hr, Entrepreneurship, And Professional Skills","Management Consulting: Analysis, Recommendations, and Delivery"
MST-1098,27,"Leadership, Hr, Entrepreneurship, And Professional Skills",Administrative Excellence and Executive Assistance
MST-1099,27,"Leadership, Hr, Entrepreneurship, And Professional Skills","Business Ethics, Professional Conduct, and Accountability"
MST-1100,27,"Leadership, Hr, Entrepreneurship, And Professional Skills",Train the Trainer: Video-Based Professional Instruction
MST-1101,28,"Marketing, Sales, Design, And Digital-Content Skills",Digital Marketing: Complete Strategy and Channel Foundations
MST-1102,28,"Marketing, Sales, Design, And Digital-Content Skills","Search Engine Optimization: Technical, Content, and Measurement"
MST-1103,28,"Marketing, Sales, Design, And Digital-Content Skills","Technical SEO: Crawling, Indexing, and Site Architecture"
MST-1104,28,"Marketing, Sales, Design, And Digital-Content Skills",Content Strategy and Editorial Operations
MST-1105,28,"Marketing, Sales, Design, And Digital-Content Skills",Generative Search Visibility and AI-Search Measurement
MST-1106,28,"Marketing, Sales, Design, And Digital-Content Skills",Google Analytics 4: Measurement Planning and Analysis
MST-1107,28,"Marketing, Sales, Design, And Digital-Content Skills",Google Tag Manager: Event Tracking and Governance
MST-1108,28,"Marketing, Sales, Design, And Digital-Content Skills",Google Ads: Search Campaign Development and Optimization
MST-1109,28,"Marketing, Sales, Design, And Digital-Content Skills","Google Ads: Shopping, Display, and Video Campaigns"
MST-1110,28,"Marketing, Sales, Design, And Digital-Content Skills",Meta Advertising: Campaign Strategy and Measurement
MST-1111,28,"Marketing, Sales, Design, And Digital-Content Skills",LinkedIn Advertising: B2B Campaign Strategy
MST-1112,28,"Marketing, Sales, Design, And Digital-Content Skills",TikTok Advertising: Creative Testing and Performance
MST-1113,28,"Marketing, Sales, Design, And Digital-Content Skills",Email Marketing and Lifecycle Automation
MST-1114,28,"Marketing, Sales, Design, And Digital-Content Skills",HubSpot: CRM and Marketing Automation
MST-1115,28,"Marketing, Sales, Design, And Digital-Content Skills",Salesforce: Sales Operations and Pipeline Management
MST-1116,28,"Marketing, Sales, Design, And Digital-Content Skills","B2B Sales: Prospecting, Discovery, and Solution Selling"
MST-1117,28,"Marketing, Sales, Design, And Digital-Content Skills",Consultative Selling and Enterprise Account Planning
MST-1118,28,"Marketing, Sales, Design, And Digital-Content Skills",Sales Forecasting and Pipeline Performance
MST-1119,28,"Marketing, Sales, Design, And Digital-Content Skills","Customer Success: Onboarding, Adoption, and Retention"
MST-1120,28,"Marketing, Sales, Design, And Digital-Content Skills",Customer Experience Design and Service Recovery
MST-1121,28,"Marketing, Sales, Design, And Digital-Content Skills","Copywriting for Websites, Ads, and Conversion"
MST-1122,28,"Marketing, Sales, Design, And Digital-Content Skills","Brand Strategy, Positioning, and Identity Systems"
MST-1123,28,"Marketing, Sales, Design, And Digital-Content Skills",Social Media Strategy and Community Management
MST-1124,28,"Marketing, Sales, Design, And Digital-Content Skills","YouTube Channel Strategy, SEO, and Analytics"
MST-1125,28,"Marketing, Sales, Design, And Digital-Content Skills","Video Production: Planning, Recording, and Editing"
MST-1126,28,"Marketing, Sales, Design, And Digital-Content Skills",Instructional Video Production and Screen Recording
MST-1127,28,"Marketing, Sales, Design, And Digital-Content Skills","Audio Production, Voiceover, and Sound Editing"
MST-1128,28,"Marketing, Sales, Design, And Digital-Content Skills",DaVinci Resolve: Professional Video Editing and Delivery
MST-1129,28,"Marketing, Sales, Design, And Digital-Content Skills",Adobe Premiere Pro: Professional Editing Workflows
MST-1130,28,"Marketing, Sales, Design, And Digital-Content Skills",Adobe After Effects: Motion Graphics and Visual Communication
MST-1131,28,"Marketing, Sales, Design, And Digital-Content Skills",Adobe Photoshop: Professional Image Editing
MST-1132,28,"Marketing, Sales, Design, And Digital-Content Skills",Adobe Illustrator: Vector Design and Brand Assets
MST-1133,28,"Marketing, Sales, Design, And Digital-Content Skills",Adobe InDesign: Editorial Layout and Publication Design
MST-1134,28,"Marketing, Sales, Design, And Digital-Content Skills",Figma: Interface Design and Collaborative Prototyping
MST-1135,28,"Marketing, Sales, Design, And Digital-Content Skills",UX Research and Usability Evaluation
MST-1136,28,"Marketing, Sales, Design, And Digital-Content Skills",UI Design Systems and Component Libraries
MST-1137,28,"Marketing, Sales, Design, And Digital-Content Skills",Canva: Professional Brand-Controlled Content Production
MST-1138,28,"Marketing, Sales, Design, And Digital-Content Skills",Ecommerce Operations with Shopify
MST-1139,28,"Marketing, Sales, Design, And Digital-Content Skills",Conversion-Rate Optimization and Landing-Page Testing
MST-1140,28,"Marketing, Sales, Design, And Digital-Content Skills","Marketing Attribution, Experiments, and Budget Allocation"
MST-1141,29,"Engineering, Supply Chain, Sustainability, And Project Delivery",Project Management: Complete Professional Foundations
MST-1142,29,"Engineering, Supply Chain, Sustainability, And Project Delivery","Project Controls: Planning, Cost, Risk, and Reporting"
MST-1143,29,"Engineering, Supply Chain, Sustainability, And Project Delivery",Primavera P6: Scheduling and Project Control
MST-1144,29,"Engineering, Supply Chain, Sustainability, And Project Delivery",Microsoft Project: Scheduling and Resource Management
MST-1145,29,"Engineering, Supply Chain, Sustainability, And Project Delivery",Earned Value Management and Performance Forecasting
MST-1146,29,"Engineering, Supply Chain, Sustainability, And Project Delivery",Project Risk Analysis and Quantitative Schedule Risk
MST-1147,29,"Engineering, Supply Chain, Sustainability, And Project Delivery",Construction Delay Analysis and Extension-of-Time Evidence
MST-1148,29,"Engineering, Supply Chain, Sustainability, And Project Delivery",Construction Contracts and Commercial Administration
MST-1149,29,"Engineering, Supply Chain, Sustainability, And Project Delivery",Cost Estimating and Tender Evaluation
MST-1150,29,"Engineering, Supply Chain, Sustainability, And Project Delivery",Quantity Surveying and Measurement Foundations
MST-1151,29,"Engineering, Supply Chain, Sustainability, And Project Delivery",BIM Coordination and Information Management
MST-1152,29,"Engineering, Supply Chain, Sustainability, And Project Delivery",Autodesk Revit: Building Information Modeling Foundations
MST-1153,29,"Engineering, Supply Chain, Sustainability, And Project Delivery",AutoCAD: Technical Drawing and Documentation
MST-1154,29,"Engineering, Supply Chain, Sustainability, And Project Delivery",Civil 3D: Civil Infrastructure Design Workflows
MST-1155,29,"Engineering, Supply Chain, Sustainability, And Project Delivery",SolidWorks: Mechanical Design Foundations
MST-1156,29,"Engineering, Supply Chain, Sustainability, And Project Delivery",Fusion: Product Design and Manufacturing Workflows
MST-1157,29,"Engineering, Supply Chain, Sustainability, And Project Delivery",Engineering Drawing Interpretation and Technical Documentation
MST-1158,29,"Engineering, Supply Chain, Sustainability, And Project Delivery",Reliability Engineering and Asset Lifecycle Management
MST-1159,29,"Engineering, Supply Chain, Sustainability, And Project Delivery",Maintenance Planning and Preventive Maintenance
MST-1160,29,"Engineering, Supply Chain, Sustainability, And Project Delivery",Root-Cause Failure Analysis and Reliability Improvement
MST-1161,29,"Engineering, Supply Chain, Sustainability, And Project Delivery",Supply Chain Management: End-to-End Planning
MST-1162,29,"Engineering, Supply Chain, Sustainability, And Project Delivery",Procurement and Strategic Sourcing
MST-1163,29,"Engineering, Supply Chain, Sustainability, And Project Delivery","Supplier Evaluation, Negotiation, and Performance Management"
MST-1164,29,"Engineering, Supply Chain, Sustainability, And Project Delivery",Inventory Planning and Demand Forecasting
MST-1165,29,"Engineering, Supply Chain, Sustainability, And Project Delivery",Warehouse Management and Distribution Operations
MST-1166,29,"Engineering, Supply Chain, Sustainability, And Project Delivery","Logistics, Freight, and Transportation Planning"
MST-1167,29,"Engineering, Supply Chain, Sustainability, And Project Delivery",Sales and Operations Planning: S&OP
MST-1168,29,"Engineering, Supply Chain, Sustainability, And Project Delivery",Lean Operations and Continuous Improvement
MST-1169,29,"Engineering, Supply Chain, Sustainability, And Project Delivery",Six Sigma: DMAIC and Data-Based Problem Solving
MST-1170,29,"Engineering, Supply Chain, Sustainability, And Project Delivery",Quality Management Systems and Process Auditing
MST-1171,29,"Engineering, Supply Chain, Sustainability, And Project Delivery",Occupational Health and Safety Management Foundations
MST-1172,29,"Engineering, Supply Chain, Sustainability, And Project Delivery",Environmental Management Systems and Operational Controls
MST-1173,29,"Engineering, Supply Chain, Sustainability, And Project Delivery",Sustainability Reporting and ESG Data Management
MST-1174,29,"Engineering, Supply Chain, Sustainability, And Project Delivery",Greenhouse-Gas Accounting and Carbon Management
MST-1175,29,"Engineering, Supply Chain, Sustainability, And Project Delivery",Energy Management and Efficiency Opportunities
MST-1176,29,"Engineering, Supply Chain, Sustainability, And Project Delivery",Renewable-Energy Project Development Fundamentals
MST-1177,29,"Engineering, Supply Chain, Sustainability, And Project Delivery",Oil and Gas Project Delivery and Operational Interfaces
MST-1178,29,"Engineering, Supply Chain, Sustainability, And Project Delivery","Industrial Automation, PLCs, and SCADA Foundations"
MST-1179,29,"Engineering, Supply Chain, Sustainability, And Project Delivery",Internet of Things: Industrial Data and Connected Assets
MST-1180,29,"Engineering, Supply Chain, Sustainability, And Project Delivery",Facilities Management and Building Operations
MST-1181,30,Applied Ai By Industry And Professional Role,AI for Finance Directors and CFO Teams
MST-1182,30,Applied Ai By Industry And Professional Role,AI for Accountants and Month-End Closing
MST-1183,30,Applied Ai By Industry And Professional Role,AI for Auditors and Assurance Teams
MST-1184,30,Applied Ai By Industry And Professional Role,AI for Treasury and Cash-Flow Management
MST-1185,30,Applied Ai By Industry And Professional Role,AI for Tax Research and Compliance Support
MST-1186,30,Applied Ai By Industry And Professional Role,AI for Financial Planning and Analysis Teams
MST-1187,30,Applied Ai By Industry And Professional Role,AI for Investment Research and Portfolio Analysis Support
MST-1188,30,Applied Ai By Industry And Professional Role,AI for Banking Operations and Credit Analysis Support
MST-1189,30,Applied Ai By Industry And Professional Role,AI for Insurance Operations and Claims Review Support
MST-1190,30,Applied Ai By Industry And Professional Role,AI for Project Managers and PMO Teams
MST-1191,30,Applied Ai By Industry And Professional Role,AI for Project Controls and Cost Engineers
MST-1192,30,Applied Ai By Industry And Professional Role,AI for Construction Planning and Site Reporting
MST-1193,30,Applied Ai By Industry And Professional Role,AI for Procurement and Supplier Intelligence
MST-1194,30,Applied Ai By Industry And Professional Role,AI for Supply-Chain Planning and Logistics
MST-1195,30,Applied Ai By Industry And Professional Role,AI for Manufacturing Quality and Process Improvement
MST-1196,30,Applied Ai By Industry And Professional Role,AI for Maintenance and Asset Reliability
MST-1197,30,Applied Ai By Industry And Professional Role,"AI for Oil, Gas, and Energy Operations"
MST-1198,30,Applied Ai By Industry And Professional Role,AI for Sustainability and ESG Reporting Teams
MST-1199,30,Applied Ai By Industry And Professional Role,AI for Human Resources and Workforce Planning
MST-1200,30,Applied Ai By Industry And Professional Role,AI for Recruitment and Candidate-Assessment Governance
MST-1201,30,Applied Ai By Industry And Professional Role,AI for Learning and Development Departments
MST-1202,30,Applied Ai By Industry And Professional Role,AI for Teachers and Classroom Preparation
MST-1203,30,Applied Ai By Industry And Professional Role,AI for Universities and Academic Administration
MST-1204,30,Applied Ai By Industry And Professional Role,AI for Instructional Designers and Course Producers
MST-1205,30,Applied Ai By Industry And Professional Role,AI for Healthcare Administration and Service Operations
MST-1206,30,Applied Ai By Industry And Professional Role,AI for Nursing Education and Clinical Knowledge Review
MST-1207,30,Applied Ai By Industry And Professional Role,AI for Medical Literature Review and Evidence Synthesis
MST-1208,30,Applied Ai By Industry And Professional Role,AI for Legal Operations and Contract Workflows
MST-1209,30,Applied Ai By Industry And Professional Role,AI for Compliance and Enterprise Risk Teams
MST-1210,30,Applied Ai By Industry And Professional Role,AI for Cybersecurity Analysts and SOC Workflows
MST-1211,30,Applied Ai By Industry And Professional Role,AI for Marketing Strategy and Content Operations
MST-1212,30,Applied Ai By Industry And Professional Role,AI for Sales Development and Account Management
MST-1213,30,Applied Ai By Industry And Professional Role,AI for Customer Support and Service Quality
MST-1214,30,Applied Ai By Industry And Professional Role,AI for Retail and Ecommerce Operations
MST-1215,30,Applied Ai By Industry And Professional Role,AI for Real Estate Analysis and Property Operations
MST-1216,30,Applied Ai By Industry And Professional Role,AI for Hospitality and Travel-Service Operations
MST-1217,30,Applied Ai By Industry And Professional Role,AI for Agriculture and Food-Supply Operations
MST-1218,30,Applied Ai By Industry And Professional Role,AI for Public-Sector Administration and Service Design
MST-1219,30,Applied Ai By Industry And Professional Role,AI for Nonprofits and Social-Impact Organizations
MST-1220,30,Applied Ai By Industry And Professional Role,AI for Entrepreneurs and Small-Business Operations
MST-1221,31,"Enterprise Platforms, It Service Management, And Ai Credentials",ITIL Foundation Version 5: Independent Knowledge Preparation
MST-1222,31,"Enterprise Platforms, It Service Management, And Ai Credentials",ITIL Product Version 5: Independent Knowledge Preparation
MST-1223,31,"Enterprise Platforms, It Service Management, And Ai Credentials",ITIL Service Version 5: Independent Knowledge Preparation
MST-1224,31,"Enterprise Platforms, It Service Management, And Ai Credentials",ITIL Experience Version 5: Independent Knowledge Preparation
MST-1225,31,"Enterprise Platforms, It Service Management, And Ai Credentials",ITIL Strategy Version 5: Independent Knowledge Preparation
MST-1226,31,"Enterprise Platforms, It Service Management, And Ai Credentials",ITIL Transformation Version 5: Independent Knowledge Preparation
MST-1227,31,"Enterprise Platforms, It Service Management, And Ai Credentials",ITIL AI Governance Version 5: Independent Knowledge Preparation
MST-1228,31,"Enterprise Platforms, It Service Management, And Ai Credentials",ServiceNow Certified System Administrator: CSA
MST-1229,31,"Enterprise Platforms, It Service Management, And Ai Credentials",ServiceNow Certified Application Developer: CAD
MST-1230,31,"Enterprise Platforms, It Service Management, And Ai Credentials",ServiceNow CIS: IT Service Management
MST-1231,31,"Enterprise Platforms, It Service Management, And Ai Credentials",ServiceNow CIS: Human Resources
MST-1232,31,"Enterprise Platforms, It Service Management, And Ai Credentials",ServiceNow CIS: Discovery
MST-1233,31,"Enterprise Platforms, It Service Management, And Ai Credentials",ServiceNow CIS: Customer Service Management
MST-1234,31,"Enterprise Platforms, It Service Management, And Ai Credentials",ServiceNow CIS: Risk and Compliance
MST-1235,31,"Enterprise Platforms, It Service Management, And Ai Credentials",Oracle Cloud Infrastructure Architect Associate: Current-Version Preparation
MST-1236,31,"Enterprise Platforms, It Service Management, And Ai Credentials",Oracle Cloud Infrastructure Architect Professional: Current-Version Preparation
MST-1237,31,"Enterprise Platforms, It Service Management, And Ai Credentials",Oracle Cloud Infrastructure AI Foundations Associate: Current-Version Preparation
MST-1238,31,"Enterprise Platforms, It Service Management, And Ai Credentials",Oracle Database SQL: Certification-Track Knowledge Preparation
MST-1239,31,"Enterprise Platforms, It Service Management, And Ai Credentials",Oracle Database Administration: Certification-Track Knowledge Preparation
MST-1240,31,"Enterprise Platforms, It Service Management, And Ai Credentials",Oracle Java SE Developer Professional: Current-Version Preparation
MST-1241,31,"Enterprise Platforms, It Service Management, And Ai Credentials",SAP S/4HANA Financial Accounting: Certification-Track Preparation
MST-1242,31,"Enterprise Platforms, It Service Management, And Ai Credentials",SAP S/4HANA Management Accounting: Certification-Track Preparation
MST-1243,31,"Enterprise Platforms, It Service Management, And Ai Credentials",SAP S/4HANA Sourcing and Procurement: Certification-Track Preparation
MST-1244,31,"Enterprise Platforms, It Service Management, And Ai Credentials",SAP S/4HANA Sales: Certification-Track Preparation
MST-1245,31,"Enterprise Platforms, It Service Management, And Ai Credentials",SAP S/4HANA Production Planning: Certification-Track Preparation
MST-1246,31,"Enterprise Platforms, It Service Management, And Ai Credentials",SAP SuccessFactors Employee Central: Certification-Track Preparation
MST-1247,31,"Enterprise Platforms, It Service Management, And Ai Credentials",SAP Integration Suite: Certification-Track Preparation
MST-1248,31,"Enterprise Platforms, It Service Management, And Ai Credentials",SAP Analytics Cloud: Certification-Track Preparation
MST-1249,31,"Enterprise Platforms, It Service Management, And Ai Credentials",ISTQB Certified Tester Foundation Level
MST-1250,31,"Enterprise Platforms, It Service Management, And Ai Credentials",ISTQB Advanced Level Test Analyst
MST-1251,31,"Enterprise Platforms, It Service Management, And Ai Credentials",ISTQB Advanced Level Technical Test Analyst
MST-1252,31,"Enterprise Platforms, It Service Management, And Ai Credentials",ISTQB Advanced Level Test Management
MST-1253,31,"Enterprise Platforms, It Service Management, And Ai Credentials",TOGAF Enterprise Architecture Foundation
MST-1254,31,"Enterprise Platforms, It Service Management, And Ai Credentials",TOGAF Enterprise Architecture Practitioner
MST-1255,31,"Enterprise Platforms, It Service Management, And Ai Credentials",ISACA Advanced in AI Audit: AAIA
MST-1256,31,"Enterprise Platforms, It Service Management, And Ai Credentials",ISACA Advanced in AI Security Management: AAISM
MST-1257,31,"Enterprise Platforms, It Service Management, And Ai Credentials",ISACA Advanced in AI Risk: AAIR
MST-1258,31,"Enterprise Platforms, It Service Management, And Ai Credentials",ISACA Certified Cybersecurity Operations Analyst: CCOA
MST-1259,31,"Enterprise Platforms, It Service Management, And Ai Credentials",ISACA COBIT Foundation
MST-1260,31,"Enterprise Platforms, It Service Management, And Ai Credentials",ISACA COBIT Design and Implementation
MST-1261,32,Additional Global Credentials And Us Professional Examinations,CIPS L4M1: Scope and Influence of Procurement and Supply
MST-1262,32,Additional Global Credentials And Us Professional Examinations,CIPS L4M2: Defining Business Need
MST-1263,32,Additional Global Credentials And Us Professional Examinations,CIPS L4M3: Commercial Contracting
MST-1264,32,Additional Global Credentials And Us Professional Examinations,CIPS L4M4: Ethical and Responsible Sourcing
MST-1265,32,Additional Global Credentials And Us Professional Examinations,CIPS L4M5: Commercial Negotiation
MST-1266,32,Additional Global Credentials And Us Professional Examinations,CIPS L4M6: Supplier Relationships
MST-1267,32,Additional Global Credentials And Us Professional Examinations,CIPS L4M7: Whole Life Asset Management
MST-1268,32,Additional Global Credentials And Us Professional Examinations,CIPS L4M8: Procurement and Supply in Practice
MST-1269,32,Additional Global Credentials And Us Professional Examinations,NCARB ARE: Practice Management
MST-1270,32,Additional Global Credentials And Us Professional Examinations,NCARB ARE: Project Management
MST-1271,32,Additional Global Credentials And Us Professional Examinations,NCARB ARE: Programming and Analysis
MST-1272,32,Additional Global Credentials And Us Professional Examinations,NCARB ARE: Project Planning and Design
MST-1273,32,Additional Global Credentials And Us Professional Examinations,NCARB ARE: Project Development and Documentation
MST-1274,32,Additional Global Credentials And Us Professional Examinations,NCARB ARE: Construction and Evaluation
MST-1275,32,Additional Global Credentials And Us Professional Examinations,US Multistate Bar Examination: Comprehensive Knowledge Preparation
MST-1276,32,Additional Global Credentials And Us Professional Examinations,US Multistate Professional Responsibility Examination: MPRE
MST-1277,32,Additional Global Credentials And Us Professional Examinations,Uniform Bar Examination: Written-Component Knowledge and Model-Answer Analysis
MST-1278,32,Additional Global Credentials And Us Professional Examinations,NextGen Bar Examination: Integrated Knowledge and Task-Analysis Preparation
MST-1279,32,Additional Global Credentials And Us Professional Examinations,NASM Certified Personal Trainer: Knowledge Preparation
MST-1280,32,Additional Global Credentials And Us Professional Examinations,ACE Certified Personal Trainer: Knowledge Preparation
MST-1281,32,Additional Global Credentials And Us Professional Examinations,ACSM Certified Exercise Physiologist: Knowledge Preparation
MST-1282,32,Additional Global Credentials And Us Professional Examinations,NSCA Certified Strength and Conditioning Specialist: Knowledge Preparation
MST-1283,32,Additional Global Credentials And Us Professional Examinations,CBIC Certification in Infection Prevention and Control: CIC
MST-1284,32,Additional Global Credentials And Us Professional Examinations,ANCC Family Nurse Practitioner Certification: Knowledge Preparation
MST-1285,32,Additional Global Credentials And Us Professional Examinations,AANPCB Family Nurse Practitioner Certification: Knowledge Preparation
MST-1286,32,Additional Global Credentials And Us Professional Examinations,AACN CCRN Adult: Critical Care Nursing Knowledge Preparation
MST-1287,32,Additional Global Credentials And Us Professional Examinations,ANCC Medical-Surgical Nursing Certification: Knowledge Preparation
MST-1288,32,Additional Global Credentials And Us Professional Examinations,ONCC Oncology Certified Nurse: OCN Knowledge Preparation
MST-1289,32,Additional Global Credentials And Us Professional Examinations,CCI Registered Cardiovascular Invasive Specialist: RCIS
MST-1290,32,Additional Global Credentials And Us Professional Examinations,ASIS Certified Protection Professional: CPP
MST-1291,32,Additional Global Credentials And Us Professional Examinations,ASIS Physical Security Professional: PSP
MST-1292,32,Additional Global Credentials And Us Professional Examinations,ASIS Professional Certified Investigator: PCI
MST-1293,32,Additional Global Credentials And Us Professional Examinations,BICSI Registered Communications Distribution Designer: RCDD
MST-1294,32,Additional Global Credentials And Us Professional Examinations,GBCI LEED Green Associate
MST-1295,32,Additional Global Credentials And Us Professional Examinations,GBCI LEED AP Building Design and Construction
MST-1296,32,Additional Global Credentials And Us Professional Examinations,GBCI LEED AP Operations and Maintenance
MST-1297,32,Additional Global Credentials And Us Professional Examinations,WELL Accredited Professional: WELL AP
MST-1298,32,Additional Global Credentials And Us Professional Examinations,NCMA Certified Federal Contract Manager: CFCM
MST-1299,32,Additional Global Credentials And Us Professional Examinations,NCMA Certified Professional Contract Manager: CPCM
MST-1300,32,Additional Global Credentials And Us Professional Examinations,NCMA Certified Commercial Contract Manager: CCCM
